Plasmid_23	Plasmid_23_contaminant	Plasmid_23_expression	Plasmid_23_mixture
0.5146549734594968	0.49723127693075636	0.018129636121313828	0.5153609130520702
0.16305100392337873	0.14394029335410222	0.013072108856207396	0.15701240221030965
0.0821601661666282	0.07738086121921449	0.010620807890505284	0.08800166910971978
0.049734594968843755	0.0434813752042935	0.008829057688309914	0.05231043289260341
0.0343872605585045	0.024780422732040334	0.007469252756048377	0.032249675488088714
0.020078467574428802	0.014197737649529375	0.0064268425367848036	0.02062458018631418
0.015462727902146318	0.008149893488795775	0.005619530798035637	0.013769424286831413
0.010385414262635588	0.004679986850906128	0.004985894092810639	0.009665880943716766
0.006462035541195477	0.0026864423980393964	0.00448062145560937	0.007167063853648767
0.006231248557581353	0.0015409602234705926	0.004070717984569808	0.005611678208040399
0.0049619201477036695	0.0008830967343853831	0.003732331116320088	0.004615427850705471
0.002884837295176552	0.0005055839389929422	0.0034482439195525874	0.00395382785854553
0.003923378721440111	0.00028915810795303933	0.003205988811758413	0.003495146919711452
0.002654050311562428	0.00016521020472678893	0.002996473540895717	0.0031616837456225045
0.0021924763443341797	9.429907699243584e-5	0.002813000631564291	0.0029072997085567262
0.0018462958689129934	5.377256958822906e-5	0.002650575999688991	0.002704348569277219
0.003000230786983614	3.063462852754796e-5	0.002505424331896677	0.0025360589604242253
0.0018462958689129934	1.74373080551045e-5	0.0023746498281903517	0.002392087136245456
0.0021924763443341797	9.91694407672614e-6	0.002255998145176151	0.0022659150892528766
0.0019616893607200554	5.635392554888385e-6	0.0021476884682932913	0.00215332386084818
0.003000230786983614	3.1998828877922434e-6	0.002048294146966548	0.0020514940298543404
0.0009231479344564967	1.8156101852097667e-6	0.001956657039747249	0.0019584726499324587
0.002538656819755366	1.0294470420989532e-6	0.0018718253752997161	0.0018728548223418153
0.0017309023771059312	5.832997134072308e-7	0.0017930081334819978	0.0017935914331954049
0.001500115393491807	3.3029240066052804e-7	0.00171954113335875	0.0017198714257594112
0.0011539349180706207	1.8691167759001776e-7	0.0016508615007725118	0.0016510484124501019
0.0011539349180706207	1.0571012481607789e-7	0.0015864881999678815	0.001586593910092698
0.0009231479344564967	5.975161157060444e-8	0.0015260070047763657	0.0015260667563879366
0.001269328409877683	3.375557495632182e-8	0.0014690587589915414	0.001469092514566498
0.0016155088852988692	1.9059592781191686e-8	0.0014153301029382194	0.0014153491625310002
0.0016155088852988692	1.0756296598788806e-8	0.0013645460710307593	0.0013645568273273582
0.0016155088852988692	6.067381112899046e-9	0.0013164641250140126	0.0013164701923951262
0.0011539349180706207	3.4208731480252793e-9	0.001270869300905898	0.0012708727217790468
0.001269328409877683	1.9278677767129537e-9	0.001227570228802856	0.0012275721566706332
0.00046157396722824835	1.0859981293030231e-9	0.0011863958434253819	0.0011863969294235114
0.0009231479344564967	6.115036646631696e-10	0.0011471926462264144	0.0011471932577300783
0.0010385414262635588	3.441861926717618e-10	0.0011098224116331662	0.0011098227558193586
0.0011539349180706207	1.9365027809925916e-10	0.0010741602537095711	0.001074160447359849
0.001269328409877683	1.0891274513238955e-10	0.0010400929874240935	0.001040093096336838
0.0019616893607200554	6.123228873954241e-11	0.001007517732345712	0.0010075177935780005
0.0018462958689129934	3.441347516302794e-11	0.000976340717079811	0.0009763407514932858
0.001269328409877683	1.933426244559032e-11	0.0009464762508932877	0.0009464762702275499
0.0010385414262635588	1.0858811238762946e-11	0.0009178458353438136	0.0009178458462026254
0.0009231479344564967	6.0967289879698356e-12	0.0008903773937461395	0.0008903773998428685
0.0016155088852988692	3.421964971336936e-12	0.0008640046002927814	0.0008640046037147465
0.0006923609508423724	1.92009285013689e-12	0.0008386662938316871	0.0008386662957517799
0.0010385414262635588	1.0770618927636551e-12	0.0008143059638660805	0.0008143059649431425
0.0010385414262635588	6.039965224692924e-13	0.0007908712984157327	0.0007908712990197293
0.001269328409877683	3.3861562363991254e-13	0.000768313785066946	0.0007683137854055619
0.00046157396722824835	1.8978487698537129e-13	0.0007465883579196827	0.0007465883581094676
0.0005769674590353104	1.0634116334505265e-13	0.0007256530842759993	0.0007256530843823401
0.001269328409877683	5.957024838755046e-14	0.0007054688858522552	0.0007054688859118252
0.0009231479344564967	3.3361724712887726e-14	0.0006859992900762316	0.0006859992901095933
0.0006923609508423724	1.867933535829324e-14	0.0006672102076792721	0.0006672102076979514
0.0009231479344564967	1.0456126662961176e-14	0.0006490697333365777	0.000649069733347034
0.00046157396722824835	5.8516627416132825e-15	0.0006315479665649583	0.00063154796657081
0.0011539349180706207	3.2740794995296e-15	0.0006146168504718941	0.0006146168504751675
0.0003461804754211862	1.8314833875055592e-15	0.0005982500262751645	0.0005982500262769957
0.0003461804754211862	1.0242897759026065e-15	0.0005824227017884951	0.0005824227017895189
0.0009231479344564967	5.727313524368043e-16	0.0005671115323039171	0.0005671115323044899
0.0008077544426494346	3.2017648963742986e-16	0.000552294512502478	0.0005522945125027981
0.0009231479344564967	1.789535418814734e-16	0.0005379508781971446	0.0005379508781973239
0.0005769674590353104	1.000012623174596e-16	0.000524061016859665	0.0005240610168597651
0.00023078698361412417	5.587105419525959e-17	0.0005106063860106584	0.0005106063860107146
0.0003461804754211862	3.120946038594656e-17	0.0004975694386623161	0.0004975694386623473
0.0005769674590353104	1.743032204170863e-17	0.000484933555098495	0.0004849335550985125
0.0006923609508423724	9.732983963735808e-18	0.00047268298035979485	0.0004726829803598045
0.0006923609508423724	5.4338754573740786e-18	0.00046080276687330825	0.0004608027668733137
0.0005769674590353104	3.033178751533622e-18	0.000449278721729597	0.0004492787217296003
0.0003461804754211862	1.6928267227544126e-18	0.00043809735816442485	0.0004380973581644265
0.00023078698361412417	9.446146107842045e-19	0.00042724585085094605	0.0004272458508509469
0.00023078698361412417	5.270185359763055e-19	0.00041671199465033817	0.0004167119946503387
0.00046157396722824835	2.9398663199163137e-19	0.0004064841665060596	0.0004064841665060602
0.00023078698361412417	1.6396874607904513e-19	0.0003965512901997238	0.0003965512901997243
0.00046157396722824835	9.143819945297236e-20	0.0003869028037155247	0.0003869028037155245
0.0005769674590353104	5.098337844764429e-20	0.0003775286289857856	0.00037752862898578573
0.00046157396722824835	2.84226869071787e-20	0.00036841914381291956	0.0003684191438129197
0.00023078698361412417	1.5843036010890663e-20	0.0003595651557832352	0.00035956515578323517
0.00023078698361412417	8.829774123975179e-21	0.00035095787800598345	0.00035095787800598323
0.00011539349180706209	4.920393085952378e-21	0.00034258890652700234	0.00034258890652700223
0.00011539349180706209	2.7415117313315233e-21	0.00033445019928057904	0.0003344501992805793
0.0003461804754211862	1.5272902267192867e-21	0.0003265340564558924	0.00032653405645589244
0.0003461804754211862	8.507367885138194e-22	0.00031883310216579376	0.00031883310216579387
0.00011539349180706209	4.738185116396249e-22	0.0003113402673159178	0.0003113402673159176
0.00023078698361412417	2.638596430451124e-22	0.0003040487735812775	0.00030404877358127734
0.00023078698361412417	1.4691934784168478e-22	0.0002969521184057503	0.0002969521184057501
0.00011539349180706209	8.179579954658688e-23	0.00029004406094728654	0.00029004406094728654
0.0003461804754211862	4.5533380035922135e-23	0.0002833186088983536	0.0002833186088983536
0.0003461804754211862	2.5344079485202728e-23	0.00027677000611717867	0.0002767700061171785
0	1.4104956158294433e-23	0.0002703927210107932	0.00027039272101079306
0.0003461804754211862	7.849036831663256e-24	0.0002641814356158332	0.00026418143561583295
0.00023078698361412417	4.367281652546982e-24	0.0002581310353275061	0.000258131035327506
0	2.429724441489511e-24	0.00025223659923119947	0.00025223659923119936
0.00046157396722824835	1.3516199419233295e-24	0.00024649339099487957	0.0002464933909948798
0	7.518040257934873e-25	0.00024089685028377963	0.0002408968502837798
0.00011539349180706209	4.1812671217802035e-25	0.00023544258466191422	0.0002354425846619143
0.00023078698361412417	2.325225596694771e-25	0.0002301263619477387	0.00023012636194773867
0.00023078698361412417	1.2929355581197748e-25	0.0002249441029937903	0.00022494410299379013
0.00011539349180706209	7.188593696501164e-26	0.000219891874862462	0.00021989187486246223
0.0003461804754211862	3.996381361666343e-26	0.00021496588437216934	0.00021496588437216942
0.00011539349180706209	2.2215008331438825e-26	0.00021016247199009042	0.00021016247199009036
0.00023078698361412417	1.2347619250889638e-26	0.0002054781060494369	0.00020547810604943666
0.00023078698361412417	6.862427688006309e-27	0.0002009093772708228	0.00020090937727082272
0.00046157396722824835	3.813561306448078e-27	0.0001964529935687832	0.00019645299356878314
0.0003461804754211862	2.1190571304408438e-27	0.0001921057751258595	0.00019210577512585936
0.00011539349180706209	1.177373210633695e-27	0.0001878646497179164	0.0001878646497179163
0.00023078698361412417	6.541023988863648e-28	0.00018372664827551126	0.000183726648275511
0.00011539349180706209	3.633607270502507e-28	0.00017968890066718702	0.00017968890066718713
0.00011539349180706209	2.0183264610363214e-28	0.00017574863169154823	0.00017574863169154823
0.00011539349180706209	1.1210024117729537e-28	0.00017190315726586504	0.0001719031572658648
0.00023078698361412417	6.225638425983343e-29	0.0001681498807997921	0.00016814988079979213
0	3.457195616132568e-29	0.0001644862897435509	0.00016448628974355089
0.00011539349180706209	1.919672809531114e-29	0.00016090995230062823	0.00016090995230062823
0	1.0658452430255966e-29	0.00015741851429570614	0.00015741851429570627
0.00023078698361412417	5.917322429304869e-30	0.00015400969618914077	0.00015400969618914082
0.00023078698361412417	3.284890674434224e-30	0.00015068129022986656	0.0001506812902298667
0	1.8233987704645023e-30	0.00014743115773912943	0.00014743115773912952
0	1.0120637870487892e-30	0.00014425722651792707	0.00014425722651792699
0.00023078698361412417	5.616943225743643e-31	0.0001411574883714897	0.00014115748837148967
0.00011539349180706209	3.117155912834946e-31	0.00013812999674454488	0.0001381299967445449
0.00011539349180706209	1.7297517224962166e-31	0.00013517286446150062	0.00013517286446150062
0.00011539349180706209	9.597899072653518e-32	0.0001322842615660372	0.00013228426156603715
0.00011539349180706209	5.325202696836e-32	0.00012946241325493667	0.0001294624132549366
0.00011539349180706209	2.9543643529121774e-32	0.000126705597901286	0.00012670559790128595
0.00011539349180706209	1.638929582254335e-32	0.00012401214516248406	0.000124012145162484
0.00023078698361412417	9.091284249841521e-33	0.00012138043416875102	0.00012138043416875095
0.00011539349180706209	5.0426549177074016e-33	0.00011880889178809157	0.00011880889178809166
0.00011539349180706209	2.7968082502914617e-33	0.0001162959909639002	0.0001162959909639001
0.00023078698361412417	1.551086145489786e-33	0.00011384024912161398	0.00011384024912161385
0.00023078698361412417	8.601600658446397e-34	0.00011144022664102937	0.00011144022664102935
0.00023078698361412417	4.769722407368567e-34	0.00010909452539108521	0.00010909452539108517
0.00011539349180706209	2.6447080550012473e-34	0.00010680178732409876	0.00010680178732409878
0	1.4663360266678343e-34	0.00010456069312660958	0.00010456069312660955
0	8.129441822653961e-35	0.00010236996092414078	0.00010236996092414075
0.00011539349180706209	4.5067111301230243e-35	0.00010022834503733897	0.00010022834503733897
0	2.4982206758253346e-35	9.813463478709063e-5	9.81346347870906e-5
0.00011539349180706209	1.384759210848975e-35	9.608765334634227e-5	9.608765334634224e-5
0.00046157396722824835	7.675212600086408e-36	9.408625663647494e-5	9.4086256636475e-5
0.00023078698361412417	4.2538242953884254e-36	9.21293322661989e-5	9.2129332266199e-5
0.00011539349180706209	2.357447076132408e-36	9.021579851103883e-5	9.02157985110388e-5
0	1.3064052337696596e-36	8.834460333158485e-5	8.834460333158479e-5
0	7.239152180451426e-37	8.651472342877755e-5	8.651472342877754e-5
0.00011539349180706209	4.011175008806309e-37	8.47251633345854e-5	8.47251633345854e-5
0.00011539349180706209	2.222439231547989e-37	8.297495453651627e-5	8.297495453651635e-5
0	1.2312970075222715e-37	8.126315463448654e-5	8.126315463448653e-5
0.00011539349180706209	6.821355116690524e-38	7.958884652864244e-5	7.958884652864247e-5
0	3.778797831427634e-38	7.795113763680275e-5	7.795113763680282e-5
0	2.0932064818240966e-38	7.634915914025461e-5	7.63491591402547e-5
0	1.1594343102396235e-38	7.478206525669996e-5	7.478206525669998e-5
0	6.421790493168295e-39	7.32490325392065e-5	7.324903253920644e-5
0	3.556659306271198e-39	7.174925920007583e-5	7.174925920007581e-5
0.00011539349180706209	1.9697213104968973e-39	7.028196445859223e-5	7.028196445859223e-5
0	1.0907969587888312e-39	6.884638791166453e-5	6.884638791166451e-5
0	6.040319338306769e-40	6.744178892642394e-5	6.744178892642388e-5
0	3.3446675128882298e-40	6.606744605388174e-5	6.606744605388173e-5
0.00011539349180706209	1.8519245865272774e-40	6.47226564627955e-5	6.47226564627954e-5
0	1.0253476837408704e-40	6.340673539292967e-5	6.340673539292961e-5
0	5.676710390117961e-41	6.211901562693779e-5	6.211901562693775e-5
0	3.1426807109309313e-41	6.085884698012573e-5	6.085884698012571e-5
0	1.7397303022038002e-41	5.9625595807391236e-5	5.962559580739121e-5
0	9.630347258652594e-42	5.8418644526667066e-5	5.841864452666706e-5
0.00011539349180706209	5.330654322649454e-42	5.723739115822505e-5	5.723739115822505e-5
0	2.950515133293091e-42	5.608124887922689e-5	5.608124887922691e-5
0	1.6330298412481446e-42	5.494964559293633e-5	5.494964559293632e-5
0	9.037941731564598e-43	5.384202351203145e-5	5.384202351203152e-5
0	5.001776539715581e-43	5.275783875548275e-5	5.2757838755482735e-5
0.00011539349180706209	2.767951988320483e-43	5.169656095848319e-5	5.1696560958483184e-5
0	1.5316958103833672e-43	5.0657672894942674e-5	5.0657672894942694e-5
0	8.475520569751088e-44	4.964067011207651e-5	4.964067011207648e-5
0	4.689648639686991e-44	4.864506057663965e-5	4.864506057663969e-5
0	2.59474372901133e-44	4.76703643323792e-5	4.7670364332379217e-5
0.00011539349180706209	1.4355854666773862e-44	4.671611316829111e-5	4.671611316829112e-5
0	7.942262253220091e-45	4.5781850297290465e-5	4.578185029729049e-5
0	4.393798651764755e-45	4.4867130044915696e-5	4.486713004491568e-5
0	2.4306196451569403e-45	4.397151754770705e-5	4.3971517547707046e-5
0.00011539349180706209	1.344543771819793e-45	4.309458846091154e-5	4.309458846091155e-5
0	7.437280105895622e-46	4.2235928675183017e-5	4.223592867518304e-5
0	4.113720140252847e-46	4.1395134041958433e-5	4.139513404195845e-5
0.00011539349180706209	2.275290832106812e-46	4.057181010720448e-5	4.0571810107204485e-5
0	1.2584061031821269e-46	3.976557185324181e-5	3.976557185324181e-5
0	6.9596370838224425e-47	3.897604344836515e-5	3.897604344836515e-5
0	3.848880269018222e-47	3.820285800398878e-5	3.820285800398879e-5
0	2.1284545873646175e-47	3.744565733905879e-5	3.744565733905874e-5
0.00011539349180706209	1.1770006500947353e-47	3.6704091751481785e-5	3.6704091751481805e-5
0.00011539349180706209	6.508358831889974e-48	3.597781979633195e-5	3.597781979633196e-5
0	3.598726913719733e-48	3.526650807060512e-5	3.526650807060512e-5
0	1.9897982836003682e-48	3.456983100430002e-5	3.45698310043e-5
0	1.1001505222846827e-48	3.388747065761332e-5	3.388747065761332e-5
0	6.0824451584608134e-49	3.321911652404441e-5	3.32191165240444e-5
0	3.362694904604768e-49	3.256446533921355e-5	3.256446533921352e-5
0.00011539349180706209	1.859002763958333e-49	3.1923220895204105e-5	3.1923220895204085e-5
0.00011539349180706209	1.0276755958901433e-49	3.129509386024724e-5	3.129509386024727e-5
0	5.680880068657737e-50	3.067980160357339e-5	3.0679801603573384e-5
0	3.1402114778046486e-50	3.0077068025263276e-5	3.007706802526329e-5
0	1.7357453027978696e-50	2.9486623390934595e-5	2.94866233909346e-5
0	9.593941209229889e-51	2.8908204171109776e-5	2.8908204171109796e-5
0	5.302640488381092e-51	2.834155288511323e-5	2.834155288511323e-5
0	2.930701008181075e-51	2.7786417949353543e-5	2.778641794935356e-5
0	1.6197021722646197e-51	2.724255352985144e-5	2.7242553529851442e-5
0	8.951241125140221e-52	2.6709719398877893e-5	2.6709719398877896e-5
0	4.946703802508389e-52	2.6187680795573743e-5	2.6187680795573753e-5
0	2.733589091945305e-52	2.5676208290425177e-5	2.567620829042515e-5
0	1.5105508523844715e-52	2.5175077653474304e-5	2.51750776534743e-5
0	8.346845467613237e-53	2.4684069726149604e-5	2.4684069726149597e-5
0	4.612054322259606e-53	2.4202970296602393e-5	2.42029702966024e-5
0	2.5483060425379007e-53	2.3731569978442662e-5	2.3731569978442672e-5
0	1.4079719197276084e-53	2.326966409276894e-5	2.326966409276895e-5
0.00011539349180706209	7.778963805250617e-54	2.2817052553391697e-5	2.2817052553391704e-5
0	4.29768878846674e-54	2.2373539755152958e-5	2.2373539755152968e-5
0	2.3742898586567772e-54	2.1938934465248158e-5	2.193893446524816e-5
0	1.3116506471247395e-54	2.1513049717459688e-5	2.1513049717459684e-5
0	7.245834130822294e-55	2.109570270921423e-5	2.109570270921423e-5
0	4.002621009519341e-55	2.0686714701379745e-5	2.0686714701379728e-5
0	2.2109887188842245e-55	2.0285910920719795e-5	2.028591092071979e-5
0	1.2212783444474287e-55	1.9893120464926795e-5	1.9893120464926795e-5
0.00011539349180706209	6.7457300618007865e-56	1.9508176210157434e-5	1.9508176210157407e-5
0	3.72588572511013e-56	1.9130914720996676e-5	1.9130914720996666e-5
0.00011539349180706209	2.057863053110874e-56	1.8761176162779123e-5	1.876117616277913e-5
0	1.1365534681002617e-56	1.8398804216198443e-5	1.839880421619845e-5
0	6.276966777132497e-57	1.8043645994138685e-5	1.8043645994138695e-5
0.00011539349180706209	3.4665417796066e-57	1.7695551960662437e-5	1.7695551960662427e-5
0	1.9143872369013165e-57	1.735437585209397e-5	1.7354375852093975e-5
0	1.057182524622399e-57	1.701997460013664e-5	1.701997460013664e-5
0	5.8379058300069134e-58	1.669220825696635e-5	1.669220825696635e-5
0	3.223674681944933e-58	1.6370939922244556e-5	1.637093992224455e-5
0	1.7800509511025225e-58	1.605603567199602e-5	1.605603567199602e-5
0	9.828807916646504e-59	1.574736448929857e-5	1.5747364489298573e-5
0.00011539349180706209	5.426958964568629e-59	1.544479819673341e-5	1.544479819673342e-5
0.00011539349180706209	2.9963986223938286e-59	1.514821139054646e-5	1.5148211390546462e-5
0	1.6543602453676241e-59	1.4857481376472734e-5	1.4857481376472737e-5
0.00011539349180706209	9.133728775981847e-60	1.457248810717716e-5	1.4572488107177158e-5
0	5.042591053385989e-60	1.4293114121266638e-5	1.4293114121266646e-5
0	2.7838580103729437e-60	1.4019244483829971e-5	1.4019244483829976e-5
0	1.5368383408562194e-60	1.3750766728463035e-5	1.3750766728463026e-5
0	8.48393139123186e-61	1.3487570800738377e-5	1.3487570800738381e-5
0.00011539349180706209	4.68332226204492e-61	1.3229549003079551e-5	1.3229549003079553e-5
0	2.5852285917329546e-61	1.2976595941001409e-5	1.2976595941001412e-5
0	1.42702620417729e-61	1.2728608470679372e-5	1.2728608470679367e-5
0	7.876859744791315e-62	1.2485485647811201e-5	1.2485485647811198e-5
0	4.347729537471339e-62	1.2247128677736337e-5	1.2247128677736343e-5
0	2.399718198507276e-62	1.2013440866778766e-5	1.2013440866778766e-5
0	1.3244829216586001e-62	1.1784327574780196e-5	1.1784327574780214e-5
0.00011539349180706209	7.310060082109074e-63	1.1559696168791958e-5	1.1559696168791972e-5
0	4.034447507485827e-63	1.1339455977894088e-5	1.1339455977894095e-5
0	2.2265671791205274e-63	1.1123518249111845e-5	1.112351824911185e-5
0	1.228785900252133e-63	1.091179610440019e-5	1.091179610440019e-5
0	6.781181819135308e-64	1.0704204498668028e-5	1.0704204498668026e-5
0.00011539349180706209	3.742168870642328e-64	1.0500660178814545e-5	1.0500660178814537e-5
0	2.0650485523749222e-64	1.0301081643751e-5	1.0301081643750996e-5
0	1.1395309188120907e-64	1.0105389105382008e-5	1.0105389105382003e-5
0	6.287977639589637e-65	9.913504450521143e-6	9.913504450521133e-6
0.00011539349180706209	3.4696443475750714e-65	9.72535120371639e-6	9.725351203716388e-6
0	1.9144679242197995e-65	9.540854490961756e-6	9.540854490961746e-6
0	1.0563320511024968e-65	9.359941004271859e-6	9.359941004271862e-6
0	5.828302898968984e-66	9.182538967097348e-6	9.182538967097341e-6
0	3.2156822578496566e-66	9.008578100559066e-6	9.008578100559069e-6
0	1.774163202326391e-66	8.837989590480187e-6	8.83798959048019e-6
0	9.788214796970601e-67	8.670706055195477e-6	8.670706055195477e-6
0	5.4001144401265795e-67	8.506661514118016e-6	8.506661514118012e-6
0	2.979147779657007e-67	8.345791357043787e-6	8.345791357043785e-6
0	1.6435041398241826e-67	8.18803231417545e-6	8.188032314175446e-6
0	9.066492179157165e-68	8.033322426846868e-6	8.033322426846875e-6
0	5.001468914143241e-68	7.881601018930775e-6	7.881601018930775e-6
0	2.7589619435738943e-68	7.73280866891204e-6	7.732808668912042e-6
0	1.5218917361900296e-68	7.58688718261003e-6	7.586887182610033e-6
0	8.394827550906242e-69	7.443779566533432e-6	7.443779566533433e-6
0	4.6305206900259573e-69	7.3034300018518264e-6	7.303430001851832e-6
0	2.554100406010859e-69	7.1657838189685394e-6	7.165783818968541e-6
0.00011539349180706209	1.4087575201998514e-69	7.030787472679623e-6	7.030787472679621e-6
0	7.770066387600886e-70	6.8983885179045436e-6	6.898388517904545e-6
0	4.285519427453096e-70	6.768535585974204e-6	6.768535585974203e-6
0	2.3635920428474526e-70	6.641178361462503e-6	6.641178361462504e-6
0	1.3035627370381207e-70	6.516267559548093e-6	6.51626755954809e-6
0.00011539349180706209	7.189220058420626e-71	6.393754903893031e-6	6.393754903893027e-6
0	3.9648073782867915e-71	6.2735931050258364e-6	6.27359310502584e-6
0	2.1865173990856417e-71	6.15573583921638e-6	6.15573583921638e-6
0	1.2057974590956084e-71	6.040137727830595e-6	6.040137727830595e-6
0	6.649460734303422e-72	5.92675431715334e-6	5.926754317153343e-6
0	3.666816474838135e-72	5.815542058667915e-6	5.815542058667911e-6
0	2.0220070261052925e-72	5.706458289781102e-6	5.706458289781102e-6
0	1.1149796376545128e-72	5.5994612149830356e-6	5.59946121498304e-6
0	6.14811598576879e-73	5.494509887431161e-6	5.494509887431162e-6
0	3.3900652558477085e-73	5.391564190948225e-6	5.391564190948226e-6
0	1.8692397342520454e-73	5.290584822424171e-6	5.290584822424168e-6
0	1.0306541105457372e-73	5.191533274612291e-6	5.191533274612287e-6
0.00011539349180706209	5.6826631526381365e-74	5.094371819310124e-6	5.0943718193101236e-6
0	3.133155674782833e-74	4.999063490915894e-6	4.999063490915893e-6
0	1.7274407849993687e-74	4.905572070351495e-6	4.905572070351491e-6
0	9.523915789503735e-75	4.813862069343281e-6	4.813862069343277e-6
0	5.250723557202103e-75	4.723898715052149e-6	4.7238987150521504e-6
0	2.8947698293047726e-75	4.635647935044571e-6	4.635647935044572e-6
0	1.5958800437762268e-75	4.549076342596549e-6	4.549076342596551e-6
0	8.797875647910699e-76	4.464151222322542e-6	4.464151222322542e-6
0	4.8500566229261596e-76	4.380840516121751e-6	4.380840516121754e-6
0	2.673666645577734e-76	4.2991128094342385e-6	4.299112809434234e-6
0	1.473870111713899e-76	4.218937317799595e-6	4.218937317799594e-6
0	8.124613586048378e-77	4.140283873711079e-6	4.140283873711081e-6
0	4.4785539522757965e-77	4.0631229137582695e-6	4.063122913758267e-6
0	2.4686785464324945e-77	3.987425466051482e-6	3.987425466051481e-6
0	1.3607644520151743e-77	3.913163137921411e-6	3.913163137921415e-6
0	7.500549663930589e-78	3.840308103887528e-6	3.8403081038875285e-6
0	4.134233409605135e-78	3.7688330938890266e-6	3.7688330938890287e-6
0	2.2787081282190235e-78	3.6987113817722043e-6	3.6987113817722056e-6
0	1.2559555243633984e-78	3.6299167740283263e-6	3.6299167740283263e-6
0	6.922320626943507e-79	3.5624235987762077e-6	3.5624235987762077e-6
0	3.815233248216262e-79	3.4962066949838317e-6	3.496206694983832e-6
0	2.1027248674444667e-79	3.4312414019235234e-6	3.4312414019235226e-6
0	1.1588729387455317e-79	3.36750354885527e-6	3.36750354885527e-6
0	6.386769560090725e-80	3.3049694449329977e-6	3.3049694449329994e-6
0	3.519806314593691e-80	3.243615869328654e-6	3.2436158693286543e-6
0	1.9397618749585083e-80	3.1834200615691144e-6	3.1834200615691148e-6
0	1.0689816382418201e-80	3.124359712081078e-6	3.1243597120810823e-6
0	5.890935717094438e-81	3.066412952939204e-6	3.0664129529392066e-6
0	3.2463143573855215e-81	3.009558348812809e-6	3.0095583488128074e-6
0	1.7889127124819013e-81	2.953774888106696e-6	2.9537748881066956e-6
0	9.85780118715578e-82	2.8990419742916653e-6	2.899041974291666e-6
0.00011539349180706209	5.432044566855418e-82	2.845339417420393e-6	2.845339417420391e-6
0	2.9932224638812385e-82	2.792647425824518e-6	2.792647425824518e-6
0	1.6493282836435627e-82	2.740946597988857e-6	2.740946597988857e-6
0	9.087986919018136e-83	2.690217914598706e-6	2.6902179145987046e-6
0	5.007498091950623e-83	2.6404427307563665e-6	2.6404427307563665e-6
0	2.759093642470195e-83	2.591602768363117e-6	2.591602768363115e-6
0	1.5202138093662168e-83	2.54368010866285e-6	2.5436801086628504e-6
0	8.375977971261613e-84	2.496657184943838e-6	2.4966571849438372e-6
0	4.614865366942232e-84	2.4505167753950147e-6	2.4505167753950134e-6
0	2.5425835658033915e-84	2.405241996113377e-6	2.4052419961133764e-6
0	1.4008258953921508e-84	2.360816294259124e-6	2.3608162942591226e-6
0	7.717663657702008e-85	2.3172234413552154e-6	2.3172234413552162e-6
0	4.251873438200132e-85	2.2744475267281904e-6	2.2744475267281913e-6
0	2.3424354860768477e-85	2.2324729510870776e-6	2.2324729510870763e-6
0	1.2904696979426443e-85	2.19128442023733e-6	2.1912844202373318e-6
0	7.109202416212369e-86	2.150866938926844e-6	2.1508669389268448e-6
0	3.9163985216215614e-86	2.1112058048210757e-6	2.1112058048210753e-6
0	2.1574753309632795e-86	2.072286602604477e-6	2.0722866026044765e-6
0	1.1884961919330855e-86	2.0340951982054117e-6	2.034095198205413e-6
0	6.547006593906569e-87	1.9966177331418695e-6	1.99661773314187e-6
0	3.606457529992486e-87	1.9598406189853103e-6	1.9598406189853103e-6
0	1.9866069861996057e-87	1.923750531940056e-6	1.9237505319400574e-6
0	1.0942995447981234e-87	1.8883344075356892e-6	1.8883344075356896e-6
0	6.027727829427195e-88	1.8535794354299912e-6	1.853579435429992e-6
0	3.320199937708342e-88	1.819473054320002e-6	1.8194730543200018e-6
0	1.8288077686535912e-88	1.7860029469588542e-6	1.7860029469588553e-6
0	1.0073145977968944e-88	1.7531570352760716e-6	1.7531570352760708e-6
0	5.548243041337542e-89	1.7209234755990533e-6	1.720923475599052e-6
0	3.0558999870938852e-89	1.6892906539736027e-6	1.6892906539736023e-6
0	1.6831240918093916e-89	1.6582471815812982e-6	1.6582471815812978e-6
0	9.270144556486373e-90	1.627781890251638e-6	1.627781890251638e-6
0	5.105641026098311e-90	1.5978838280668887e-6	1.5978838280668891e-6
0	2.811949237576272e-90	1.5685422550576533e-6	1.568542255057653e-6
0	1.5486673239972077e-90	1.5397466389871795e-6	1.5397466389871826e-6
0	8.529081844763584e-91	1.5114866512225279e-6	1.5114866512225283e-6
0	4.6972096643956804e-91	1.4837521626906685e-6	1.4837521626906668e-6
0	2.586849456419985e-91	1.4565332399177525e-6	1.4565332399177536e-6
0	1.424609838318435e-91	1.4298201411497372e-6	1.4298201411497363e-6
0	7.845386172950481e-92	1.4036033125525892e-6	1.40360331255259e-6
0	4.320423730590944e-92	1.37787338449043e-6	1.37787338449043e-6
0	2.3792058475784943e-92	1.35262116787989e-6	1.3526211678798908e-6
0	1.310181252057784e-92	1.327837650619082e-6	1.327837650619082e-6
0	7.214802656566943e-93	1.3035139940895858e-6	1.3035139940895867e-6
0	3.972933296704122e-93	1.2796415297298931e-6	1.2796415297298923e-6
0	2.1877206134128894e-93	1.256211755678777e-6	1.256211755678777e-6
0	1.2046648524044363e-93	1.2332163334871229e-6	1.233216333487122e-6
0	6.633373355439613e-94	1.2106470848967426e-6	1.2106470848967421e-6
0	3.652552719553078e-94	1.188495988684759e-6	1.1884959886847573e-6
0	2.011186842531821e-94	1.1667551775721762e-6	1.1667551775721747e-6
0	1.1073942045033355e-94	1.1454169351952642e-6	1.1454169351952637e-6
0	6.097418451759374e-95	1.1244736931384458e-6	1.1244736931384458e-6
0	3.357250197379747e-95	1.1039180280273652e-6	1.1039180280273656e-6
0	1.848482715784576e-95	1.0837426586808852e-6	1.0837426586808839e-6
0	1.0177499372057783e-95	1.0639404433207599e-6	1.0639404433207597e-6
0	5.603518420420585e-96	1.044504376837784e-6	1.0445043768377854e-6
0	3.085137880447085e-96	1.0254275881132043e-6	1.0254275881132052e-6
0	1.698566021457323e-96	1.0067033373942527e-6	1.0067033373942523e-6
0	9.351567013674493e-97	9.883250137226622e-7	9.88325013722662e-7
0	5.148497162043204e-97	9.70286132415049e-7	9.702861324150486e-7
0	2.8344625186310614e-97	9.525803325940733e-7	9.525803325940737e-7
0	1.5604689699519998e-97	9.352013747693209e-7	9.352013747693216e-7
0	8.590802951361658e-98	9.181431384668673e-7	9.181431384668672e-7
0	4.729406066944764e-98	9.013996199064982e-7	9.013996199064975e-7
0	2.6035966279123445e-98	8.849649297256022e-7	8.849649297256026e-7
0	1.4332932976417067e-98	8.688332907487635e-7	8.688332907487638e-7
0	7.890249503660581e-99	8.529990358020878e-7	8.529990358020876e-7
0	4.343508976740738e-99	8.37456605571349e-7	8.374566055713492e-7
0	2.391030156849526e-99	8.222005465030411e-7	8.222005465030411e-7
0	1.3162056491718609e-99	8.072255087474334e-7	8.072255087474332e-7
0	7.245307740768476e-100	7.925262441427715e-7	7.925262441427725e-7
0	3.9882680091376287e-100	7.780976042397737e-7	7.780976042397748e-7
0	2.195362633550094e-100	7.639345383655669e-7	7.639345383655668e-7
0	1.2084332271913203e-100	7.50032091726267e-7	7.500320917262675e-7
0	6.651713387345223e-101	7.363854035474121e-7	7.363854035474118e-7
0	3.6613302107798264e-101	7.22989705251429e-7	7.229897052514287e-7
0	2.015295773312215e-101	7.098403186714186e-7	7.098403186714187e-7
0	1.1092596983331564e-101	6.969326543004737e-7	6.969326543004744e-7
0	6.105514150525164e-102	6.84262209575818e-7	6.842622095758177e-7
0	3.360515002660073e-102	6.718245671970381e-7	6.718245671970379e-7
0	1.849626526958136e-102	6.596153934777226e-7	6.596153934777221e-7
0	1.0180213442034458e-102	6.476304367298059e-7	6.47630436729806e-7
0	5.603048409912108e-103	6.358655256799592e-7	6.358655256799586e-7
0	3.0838023825547734e-103	6.243165679173609e-7	6.243165679173608e-7
0	1.6972405498908028e-103	6.129795483722155e-7	6.12979548372216e-7
0	9.341034461631533e-104	6.018505278243823e-7	6.018505278243822e-7
0	5.140925206597083e-104	5.909256414415004e-7	5.909256414415005e-7
0	2.829321849152474e-104	5.802010973460148e-7	5.802010973460149e-7
0	1.5571060720540668e-104	5.696731752105033e-7	5.696731752105039e-7
0	8.569368927893297e-105	5.593382248807353e-7	5.593382248807347e-7
0	4.716005468900686e-105	5.491926650258897e-7	5.491926650258899e-7
0	2.5953420129664072e-105	5.392329818153936e-7	5.392329818153927e-7
0	1.428268149241709e-105	5.294557276218187e-7	5.294557276218184e-7
0.00011539349180706209	7.859949990651886e-106	5.198575197493271e-7	5.198575197493273e-7
