Plasmid_69	Plasmid_69_contaminant	Plasmid_69_expression	Plasmid_69_mixture
0.39251523063533506	5.574035606459641e-9	0.3679744752226253	0.36797448079666095
0.1341262933952229	2.3992990910307424e-9	0.20069706539612955	0.20069706779542865
0.08993327531186539	5.163795618339514e-10	0.07572872457242115	0.0757287250888007
0.06498404409631564	7.40904855301641e-11	0.035298377626827554	0.03529837770091804
0.04670728169422687	7.97291438094423e-12	0.023003243727808462	0.023003243735781376
0.03684363214389324	6.863754585599248e-13	0.017760405911195435	0.017760405911881813
0.03007446088386036	4.924080534876649e-14	0.014668111267612097	0.014668111267661335
0.023692099410115075	3.0279016050264764e-15	0.012539249191341173	0.012539249191344201
0.01856686974180447	1.6291700667133043e-16	0.010962840877798807	0.010962840877798972
0.013828449859781452	7.791813759714806e-18	0.009742342366735055	0.009742342366735064
0.012184508268059183	3.3539239773602124e-19	0.008766749897698116	0.008766749897698121
0.009863649550333623	1.3124270715165966e-20	0.007967583631297561	0.007967583631297561
0.007542790832608065	4.707697890203501e-22	0.007300041743269581	0.0073000417432695815
0.008026303065467557	1.558762263835565e-23	0.006733483453104144	0.006733483453104141
0.007542790832608065	4.792548301244066e-25	0.006246197970481649	0.006246197970481652
0.004641717435451117	1.3752760829837697e-26	0.005822347943894871	0.005822347943894872
0.004254907649163524	3.699853760347487e-28	0.005450095170248977	0.005450095170248977
0.003191180736872643	9.368073469554354e-30	0.005120404778766003	0.0051204047787660025
0.00280437095058505	2.2402290974247972e-31	0.004826256414150342	0.00482625641415034
0.002514263610869355	5.075203767722973e-33	0.004562108838826014	0.0045621088388260135
0.002997775843728846	1.0922904558218033e-34	0.004323527443101434	0.004323527443101432
0.0018373464848660671	2.2388938069502903e-36	0.004106919419364092	0.004106919419364091
0.0016439415917222705	4.3805179579609034e-38	0.003909341840028556	0.003909341840028556
0.0016439415917222705	8.198082414237371e-40	0.003728360175037927	0.003728360175037927
0.001063726912290881	1.4703329473622354e-41	0.003561942383074472	0.003561942383074472
0.0015472391451503724	2.5315722777446927e-43	0.003408378528417522	0.0034083785284175216
0.001063726912290881	4.1911348463251704e-45	0.0032662190012394815	0.003266219001239481
0.0012571318054346776	6.681631511169391e-47	0.0031342264896915624	0.0031342264896915633
0.0009670244657189827	1.0271624638127536e-48	0.0030113382496472605	0.0030113382496472605
0.00048351223285949136	1.5245995712512756e-50	0.0028966361774716448	0.002896636177471645
0.00048351223285949136	2.187505680354759e-52	0.002789322860326903	0.0027893228603269034
0.0003868097862875931	3.037401104007554e-54	0.0026887022519196976	0.002688702251919699
0.0005802146794313896	4.085703240023037e-56	0.0025941639609660316	0.0025941639609660316
0.0009670244657189827	5.329267622626859e-58	0.0025051703859338454	0.0025051703859338462
0.00019340489314379654	6.746884317800276e-60	0.002421246110395389	0.002421246110395389
0.0006769171260032879	8.297549851226053e-62	0.002341969107416273	0.002341969107416273
0.0006769171260032879	9.92115010330596e-64	0.002266963401863684	0.002266963401863684
9.670244657189827e-5	1.1541837279344802e-65	0.002195892915468066	0.0021958929154680656
0.0007736195725751862	1.3073925366363697e-67	0.0021284562773961806	0.0021284562773961806
0	1.4429658243857956e-69	0.0020643824276280797	0.0020643824276280805
0.00019340489314379654	1.5527827750261843e-71	0.002003426874933421	0.0020034268749334204
9.670244657189827e-5	1.630202290223063e-73	0.0019453684981669433	0.001945368498166944
9.670244657189827e-5	1.6707322636590137e-75	0.0018900068007566147	0.001890006800756615
9.670244657189827e-5	1.6724496604033394e-77	0.0018371595449852215	0.0018371595449852218
9.670244657189827e-5	1.6361195310915218e-79	0.0017866607059742262	0.0017866607059742262
0.0002901073397156948	1.5650101773126258e-81	0.0017383586959277963	0.0017383586959277967
0.0002901073397156948	1.4644481013269779e-83	0.0016921148177634607	0.0016921148177634607
0	1.3411914563391458e-85	0.0016478019141863596	0.0016478019141863596
0.0002901073397156948	1.2027190550996862e-87	0.001605303183897844	0.0016053031838978442
0.0002901073397156948	1.056532260631765e-89	0.0015645111412305617	0.0015645111412305622
9.670244657189827e-5	9.095517400860373e-92	0.0015253266992775458	0.0015253266992775458
9.670244657189827e-5	7.676652535843959e-94	0.0014876583596938866	0.0014876583596938869
0	6.354526439744577e-96	0.001451421494923904	0.0014514214949239042
0	5.1608587437829404e-98	0.0014165377107454285	0.0014165377107454285
0.00019340489314379654	4.113797058735677e-100	0.0013829342788063625	0.001382934278806363
0.00019340489314379654	3.219547409574568e-102	0.0013505436303215483	0.0013505436303215485
0.00019340489314379654	2.4746936762768328e-104	0.0013193029033518825	0.0013193029033518823
0	1.8687931938505697e-106	0.0012891535371444276	0.0012891535371444276
0.00048351223285949136	1.3869087911984236e-108	0.0012600409079058233	0.0012600409079058233
0.0002901073397156948	1.0118369626489386e-110	0.0012319140011392133	0.0012319140011392133
0.00019340489314379654	7.258952268925503e-113	0.0012047251163196872	0.001204725116319687
0.00048351223285949136	5.122226239572477e-115	0.0011784296002333601	0.00117842960023336
0.0002901073397156948	3.556163482174533e-117	0.0011529856057759529	0.0011529856057759527
0.0002901073397156948	2.4297177105556262e-119	0.0011283538734105222	0.001128353873410522
0.0002901073397156948	1.6341446490653855e-121	0.0011044975328313939	0.001104497532831394
0.0007736195725751862	1.0821607809254836e-123	0.0010813819226808722	0.0010813819226808722
0.0003868097862875931	7.057688815683859e-126	0.001058974426424243	0.0010589744264242428
0	4.5342175533706936e-128	0.0010372443227129762	0.0010372443227129765
0.0003868097862875931	2.8701731148240203e-130	0.0010161626487608796	0.0010161626487608794
9.670244657189827e-5	1.7904972246256692e-132	0.000995702075427558	0.0009957020754275583
9.670244657189827e-5	1.1010074635944853e-134	0.0009758367928515004	0.0009758367928515004
0.0002901073397156948	6.674927687431426e-137	0.0009565424056043955	0.0009565424056043955
0.0002901073397156948	3.990512904597672e-139	0.0009377958364515703	0.0009377958364515707
0.0002901073397156948	2.3529923234802269e-141	0.0009195752379028211	0.0009195752379028211
0.00048351223285949136	1.3686847912978653e-143	0.0009018599108252918	0.0009018599108252919
0.00048351223285949136	7.855192437505398e-146	0.0008846302294670518	0.0008846302294670521
0.00048351223285949136	4.448953714247823e-148	0.0008678675723079333	0.0008678675723079331
9.670244657189827e-5	2.487034519189765e-150	0.0008515542582142463	0.0008515542582142465
0.0003868097862875931	1.3724668432372778e-152	0.0008356734874271631	0.000835673487427163
0.00019340489314379654	7.47806818800197e-155	0.0008202092869617076	0.0008202092869617077
0.0003868097862875931	4.023593378499919e-157	0.0008051464600352048	0.0008051464600352046
0	2.1381773108930855e-159	0.0007904705391812892	0.0007904705391812891
0.0002901073397156948	1.1223918777248546e-161	0.0007761677427388232	0.0007761677427388232
0	5.820778506163275e-164	0.00076222493443469	0.0007622249344346901
0.00019340489314379654	2.982747143769875e-166	0.0007486295858059413	0.0007486295858059413
0.00048351223285949136	1.5104702074124816e-168	0.0007353697412304718	0.0007353697412304716
0.00048351223285949136	7.560114329461305e-171	0.0007224339853566661	0.0007224339853566659
0.0003868097862875931	3.740449205579125e-173	0.0007098114127415111	0.0007098114127415112
0.0003868097862875931	1.8295982669002648e-175	0.0006974915995238164	0.0006974915995238164
0.0005802146794313896	8.848718603947707e-178	0.0006854645769746001	0.0006854645769746003
0.0003868097862875931	4.232066914486054e-180	0.0006737208067805936	0.0006737208067805934
0.0003868097862875931	2.0018235051802774e-182	0.0006622511579293287	0.0006622511579293289
0.0003868097862875931	9.365966668622383e-185	0.0006510468850756107	0.0006510468850756107
0.0002901073397156948	4.334952171759693e-187	0.0006400996082793841	0.0006400996082793841
0.00048351223285949136	1.9850484326261527e-189	0.0006294012940142673	0.0006294012940142671
0.0002901073397156948	8.994191974345631e-192	0.0006189442373544237	0.0006189442373544235
9.670244657189827e-5	4.0327896593887745e-194	0.0006087210452550378	0.0006087210452550378
0.0003868097862875931	1.789569162324743e-196	0.0005987246208485761	0.0005987246208485761
0.0003868097862875931	7.860262729732601e-199	0.0005889481486853011	0.000588948148685301
9.670244657189827e-5	3.417562918794561e-201	0.0005793850808522092	0.0005793850808522092
0.00048351223285949136	1.471062652542374e-203	0.0005700291239097807	0.0005700291239097808
0.00048351223285949136	6.269377873274464e-206	0.0005608742265906714	0.0005608742265906714
0.0002901073397156948	2.6456898177383435e-208	0.000551914568208801	0.0005519145682088009
0.0008703220191470844	1.1056466440306088e-210	0.0005431445477312617	0.0005431445477312617
0.00048351223285949136	4.57612273038417e-213	0.0005345587734690788	0.0005345587734690785
0.0002901073397156948	1.8759575873421378e-215	0.0005261520533461669	0.000526152053346167
0.00048351223285949136	7.617839196519083e-218	0.0005179193857088625	0.0005179193857088625
0.0003868097862875931	3.064521510902051e-220	0.0005098559506411841	0.0005098559506411841
0.0005802146794313896	1.2213877770989131e-222	0.0005019571017535303	0.0005019571017535303
0.0002901073397156948	4.8232716507673203e-225	0.0004942183584148627	0.0004942183584148627
0.00019340489314379654	1.8873988589114972e-227	0.0004866353984005716	0.0004866353984005716
0.00019340489314379654	7.31906088976472e-230	0.000479204050930207	0.0004792040509302071
0.00048351223285949136	2.8128850729642183e-232	0.0004719202900710746	0.00047192029007107455
9.670244657189827e-5	1.0714901815014624e-234	0.0004647802284853744	0.0004647802284853744
0.0007736195725751862	4.04574024183922e-237	0.000457780111500111	0.000457780111500111
0	1.5143100540847314e-239	0.00045091631148042776	0.0004509163114804277
0.0003868097862875931	5.619160893568111e-242	0.00044418532248833377	0.0004441853224883339
0.0005802146794313896	2.0672845387365898e-244	0.0004375837552100161	0.00043758375521001623
0.0003868097862875931	7.541068749008592e-247	0.000431108332136049	0.000431108332136049
0.0003868097862875931	2.727725034386143e-249	0.00042475588297985364	0.0004247558829798537
0.0002901073397156948	9.784395390896603e-252	0.00041852334032073065	0.0004185233403207306
0.0007736195725751862	3.480673405001748e-254	0.00041240773545867383	0.00041240773545867367
0.0002901073397156948	1.2280557844969216e-256	0.0004064061944690087	0.0004064061944690087
0.0007736195725751862	4.297616263753319e-259	0.00040051593444566093	0.00040051593444566093
0.0003868097862875931	1.4918343414322225e-261	0.00039473425992257423	0.00039473425992257434
0.0006769171260032879	5.13718538176359e-264	0.00038905855946346326	0.00038905855946346326
0.0003868097862875931	1.7549685731610384e-266	0.00038348630241069733	0.0003834863024106973
0.0002901073397156948	5.948127561906904e-269	0.0003780150357846855	0.00037801503578468554
0.0002901073397156948	2.0002531127424097e-271	0.0003726423813256626	0.0003726423813256626
0.00019340489314379654	6.674364113454238e-274	0.00036736603267027804	0.000367366032670278
9.670244657189827e-5	2.2099436195344004e-276	0.0003621837526558439	0.000362183752655844
0	7.26147002966567e-279	0.0003570933707455322	0.00035709337074553215
0.00019340489314379654	2.3679104213130735e-281	0.0003520927805682117	0.00035209278056821177
0.00048351223285949136	7.663519711120608e-284	0.00034717993756699293	0.00034717993756699293
0.0003868097862875931	2.4617170367122815e-286	0.00034235285675089124	0.00034235285675089124
0.0005802146794313896	7.849084664265261e-289	0.0003376096105443525	0.00033760961054435243
0.00019340489314379654	2.4842468975274914e-291	0.0003329483267296874	0.0003329483267296875
0.00019340489314379654	7.805286337615041e-294	0.00032836718647774577	0.00032836718647774566
0.00019340489314379654	2.434581986140104e-296	0.0003238644224624293	0.0003238644224624293
0.0002901073397156948	7.539182474548916e-299	0.00031943831705489315	0.00031943831705489315
9.670244657189827e-5	2.317986327963866e-301	0.0003150872005935147	0.00031508720059351475
0.0003868097862875931	7.0763027977549076e-304	0.0003108094497259387	0.00031080944972593867
0.00019340489314379654	2.1450267609983928e-306	0.0003066034858196973	0.00030660348581969726
0.0002901073397156948	6.456710704937456e-309	0.0003024677734381107	0.0003024677734381106
0.00048351223285949136	1.930027454666e-311	0.00029840081887834853	0.00029840081887834864
0.0003868097862875931	5.7294130843e-314	0.00029440116876869993	0.0002944011687687
0.0002901073397156948	1.68916445e-316	0.0002904674087222639	0.0002904674087222639
0.0002901073397156948	4.9462e-319	0.0002865981620444196	0.00028659816204441965
9.670244657189827e-5	1.44e-321	0.0002827920884915771	0.00028279208849157705
0.0002901073397156948	5.0e-324	0.00027904788307883704	0.00027904788307883715
0.0002901073397156948	0.0	0.0002753642749343237	0.00027536427493432374
9.670244657189827e-5	0.0	0.00027174002619805856	0.00027174002619805856
0.00019340489314379654	0.0	0.0002681739309633628	0.0002681739309633628
0.00019340489314379654	0.0	0.0002646648142588755	0.0002646648142588756
0.00019340489314379654	0.0	0.00026121153106937437	0.00026121153106937437
0.0003868097862875931	0.0	0.00025781296539367755	0.0002578129653936774
9.670244657189827e-5	0.0	0.00025446802933799	0.0002544680293379901
0.00019340489314379654	0.0	0.000251175662243147	0.0002511756622431471
0.00048351223285949136	0.0	0.0002479348298442726	0.00024793482984427267
0.0002901073397156948	0.0	0.0002447445234614582	0.00024474452346145823
9.670244657189827e-5	0.0	0.000241603759220123	0.00024160375922012303
0	0.0	0.00023851157729979345	0.00023851157729979345
0.0002901073397156948	0.0	0.00023546704121009117	0.00023546704121009125
9.670244657189827e-5	0.0	0.00023246923709278582	0.00023246923709278582
0.0003868097862875931	0.0	0.0002295172730488177	0.00022951727304881768
0.0003868097862875931	0.0	0.00022661027848925244	0.0002266102784892525
0.00019340489314379654	0.0	0.000223747403509174	0.00022374740350917404
0.00019340489314379654	0.0	0.00022092781828357436	0.00022092781828357438
0.0007736195725751862	0.0	0.00021815071248433885	0.00021815071248433885
9.670244657189827e-5	0.0	0.00021541529471746977	0.00021541529471746977
0.0002901073397156948	0.0	0.00021272079197973026	0.00021272079197973034
0.0005802146794313896	0.0	0.00021006644913392717	0.00021006644913392725
0.0002901073397156948	0.0	0.0002074515284020899	0.00020745152840208987
9.670244657189827e-5	0.0	0.00020487530887583298	0.00020487530887583304
9.670244657189827e-5	0.0	0.00020233708604322482	0.00020233708604322473
0.0002901073397156948	0.0	0.00019983617133151384	0.0001998361713315138
0.00048351223285949136	0.0	0.00019737189166509395	0.00019737189166509398
0	0.0	0.0001949435890381174	0.00019494358903811743
0.0002901073397156948	0.0	0.00019255062010118887	0.00019255062010118887
0.0002901073397156948	0.0	0.0001901923557616028	0.0001901923557616028
0.00019340489314379654	0.0	0.00018786818079660452	0.00018786818079660452
0.00019340489314379654	0.0	0.00018557749347918254	0.00018557749347918251
9.670244657189827e-5	0.0	0.00018331970521591885	0.00018331970521591885
0	0.0	0.0001810942401964441	0.00018109424019644414
0.0002901073397156948	0.0	0.00017890053505406598	0.000178900535054066
0.00019340489314379654	0.0	0.0001767380385371536	0.00017673803853715363
9.670244657189827e-5	0.0	0.00017460621119088355	0.00017460621119088352
0.00019340489314379654	0.0	0.00017250452504896508	0.00017250452504896508
0.0002901073397156948	0.0	0.00017043246333498153	0.00017043246333498159
0.00019340489314379654	0.0	0.00016838952017299638	0.00016838952017299635
0.00019340489314379654	0.0	0.00016637520030709181	0.00016637520030709181
9.670244657189827e-5	0.0	0.00016438901882951748	0.00016438901882951748
9.670244657189827e-5	0.0	0.00016243050091714083	0.00016243050091714083
0.00019340489314379654	0.0	0.00016049918157590493	0.00016049918157590493
0	0.0	0.00015859460539301002	0.00015859460539301008
0	0.0	0.0001567163262965473	0.00015671632629654726
0.00019340489314379654	0.0	0.00015486390732232167	0.00015486390732232172
9.670244657189827e-5	0.0	0.000153036920387618	0.00015303692038761804
0.00019340489314379654	0.0	0.00015123494607166392	0.00015123494607166394
0.0002901073397156948	0.0	0.00014945757340256304	0.00014945757340256304
0.00019340489314379654	0.0	0.00014770439965047438	0.00014770439965047436
9.670244657189827e-5	0.0	0.00014597503012682482	0.00014597503012682485
0	0.0	0.0001442690779893514	0.00014426907798935142
0.0002901073397156948	0.0	0.00014258616405277242	0.0001425861640527724
0.0002901073397156948	0.0	0.00014092591660490276	0.00014092591660490276
0.00019340489314379654	0.0	0.00013928797122802794	0.00013928797122802794
9.670244657189827e-5	0.0	0.00013767197062536322	0.0001376719706253632
0.00019340489314379654	0.0	0.0001360775644524281	0.0001360775644524281
9.670244657189827e-5	0.0	0.00013450440915317531	0.00013450440915317534
9.670244657189827e-5	0.0	0.0001329521678007175	0.00013295216780071748
9.670244657189827e-5	0.0	0.00013142050994250113	0.00013142050994250116
0	0.0	0.0001299091114497838	0.00012990911144978383
0.00019340489314379654	0.0	0.0001284176543712751	0.0001284176543712751
0.0002901073397156948	0.0	0.00012694582679080718	0.00012694582679080718
9.670244657189827e-5	0.0	0.00012549332268890575	0.00012549332268890577
0.0003868097862875931	0.0	0.00012405984180813694	0.00012405984180813694
9.670244657189827e-5	0.0	0.00012264508952211078	0.00012264508952211076
0	0.0	0.00012124877670802423	0.00012124877670802423
9.670244657189827e-5	0.0	0.00011987061962263471	0.00011987061962263472
9.670244657189827e-5	0.0	0.00011851033978155393	0.0001185103397815539
0	0.0	0.00011716766384176075	0.00011716766384176078
0.00048351223285949136	0.0	0.00011584232348723237	0.00011584232348723237
0.00019340489314379654	0.0	0.00011453405531759691	0.0001145340553175969
0.0002901073397156948	0.0	0.00011324260073971557	0.00011324260073971557
0.00019340489314379654	0.0	0.00011196770586210373	0.00011196770586210375
0	0.0	0.00011070912139210526	0.00011070912139210527
9.670244657189827e-5	0.0	0.00010946660253573566	0.00010946660253573566
9.670244657189827e-5	0.0	0.000108239908900114	0.000108239908900114
0.00019340489314379654	0.0	0.000107028804398406	0.000107028804398406
0	0.0	0.00010583305715720189	0.00010583305715720188
9.670244657189827e-5	0.0	0.00010465243942625812	0.00010465243942625814
0	0.0	0.00010348672749053125	0.00010348672749053125
0.0002901073397156948	0.0	0.00010233570158443744	0.00010233570158443743
0.0003868097862875931	0.0	0.000101199145808271	0.00010119914580827098
0	0.0	0.0001000768480467194	0.00010007684804671943
9.670244657189827e-5	0.0	9.896859988941407e-5	9.896859988941411e-5
9.670244657189827e-5	0.0	9.787419655345612e-5	9.787419655345613e-5
0	0.0	9.679343680786166e-5	9.679343680786166e-5
0	0.0	9.572612289987058e-5	9.572612289987062e-5
0	0.0	9.467206048306542e-5	9.467206048306542e-5
9.670244657189827e-5	0.0	9.363105854724829e-5	9.363105854724829e-5
0	0.0	9.26029293500269e-5	9.260292935002691e-5
9.670244657189827e-5	0.0	9.158748835006005e-5	9.158748835006007e-5
9.670244657189827e-5	0.0	9.058455414191626e-5	9.058455414191624e-5
9.670244657189827e-5	0.0	8.959394839250051e-5	8.959394839250053e-5
0.00019340489314379654	0.0	8.861549577900489e-5	8.861549577900488e-5
9.670244657189827e-5	0.0	8.76490239283406e-5	8.764902392834062e-5
0.00019340489314379654	0.0	8.669436335801029e-5	8.669436335801029e-5
0	0.0	8.575134741838134e-5	8.575134741838134e-5
0.00019340489314379654	0.0	8.481981223632058e-5	8.481981223632059e-5
0	0.0	8.38995966601544e-5	8.389959666015435e-5
0.0002901073397156948	0.0	8.299054220591639e-5	8.299054220591637e-5
0.00019340489314379654	0.0	8.209249300484932e-5	8.20924930048493e-5
9.670244657189827e-5	0.0	8.120529575212612e-5	8.120529575212612e-5
9.670244657189827e-5	0.0	8.032879965675738e-5	8.03287996567574e-5
9.670244657189827e-5	0.0	7.946285639265382e-5	7.94628563926538e-5
0.00019340489314379654	0.0	7.860732005081212e-5	7.860732005081213e-5
0	0.0	7.7762047092595e-5	7.7762047092595e-5
0	0.0	7.692689630407546e-5	7.692689630407546e-5
0	0.0	7.610172875141794e-5	7.610172875141793e-5
0	0.0	7.52864077372685e-5	7.528640773726849e-5
0	0.0	7.448079875812799e-5	7.4480798758128e-5
0	0.0	7.368476946268176e-5	7.368476946268174e-5
0.00019340489314379654	0.0	7.28981896110617e-5	7.28981896110617e-5
0.00019340489314379654	0.0	7.212093103501604e-5	7.212093103501603e-5
0	0.0	7.135286759896364e-5	7.135286759896361e-5
9.670244657189827e-5	0.0	7.059387516190949e-5	7.059387516190951e-5
9.670244657189827e-5	0.0	6.984383154020041e-5	6.984383154020043e-5
9.670244657189827e-5	0.0	6.910261647109771e-5	6.910261647109771e-5
0.0003868097862875931	0.0	6.837011157714777e-5	6.837011157714777e-5
0	0.0	6.764620033132921e-5	6.764620033132923e-5
0.00019340489314379654	0.0	6.693076802295746e-5	6.693076802295743e-5
0	0.0	6.622370172432709e-5	6.622370172432709e-5
0	0.0	6.552489025807439e-5	6.55248902580744e-5
9.670244657189827e-5	0.0	6.483422416524111e-5	6.483422416524108e-5
0.0002901073397156948	0.0	6.415159567402224e-5	6.415159567402221e-5
0.00019340489314379654	0.0	6.347689866918146e-5	6.347689866918144e-5
0	0.0	6.281002866211685e-5	6.281002866211685e-5
0.00019340489314379654	0.0	6.215088276156089e-5	6.215088276156089e-5
9.670244657189827e-5	0.0	6.149935964490013e-5	6.149935964490017e-5
0	0.0	6.085535953009827e-5	6.0855359530098265e-5
0.00019340489314379654	0.0	6.021878414820822e-5	6.021878414820822e-5
9.670244657189827e-5	0.0	5.95895367164594e-5	5.9589536716459384e-5
0	0.0	5.896752191190529e-5	5.8967521911905295e-5
9.670244657189827e-5	0.0	5.8352645845618976e-5	5.835264584561897e-5
9.670244657189827e-5	0.0	5.774481603742211e-5	5.774481603742212e-5
0	0.0	5.7143941391135806e-5	5.7143941391135806e-5
0	0.0	5.654993217034009e-5	5.6549932170340094e-5
0.00019340489314379654	0.0	5.596269997463016e-5	5.596269997463017e-5
0	0.0	5.5382157716357816e-5	5.53821577163578e-5
0.00019340489314379654	0.0	5.480821959784603e-5	5.480821959784605e-5
0	0.0	5.424080108906646e-5	5.424080108906646e-5
0.00019340489314379654	0.0	5.3679818905767475e-5	5.367981890576748e-5
0	0.0	5.3125190988044346e-5	5.312519098804434e-5
0	0.0	5.2576836479339075e-5	5.2576836479339075e-5
9.670244657189827e-5	0.0	5.203467570586133e-5	5.2034675705861324e-5
9.670244657189827e-5	0.0	5.149863015642006e-5	5.1498630156420054e-5
0	0.0	5.096862246265681e-5	5.0968622462656814e-5
9.670244657189827e-5	0.0	5.0444576379670785e-5	5.044457637967078e-5
9.670244657189827e-5	0.0	4.9926416767027196e-5	4.9926416767027196e-5
9.670244657189827e-5	0.0	4.941406957014029e-5	4.9414069570140296e-5
9.670244657189827e-5	0.0	4.890746180202178e-5	4.890746180202178e-5
9.670244657189827e-5	0.0	4.8406521525387265e-5	4.840652152538726e-5
0	0.0	4.791117783511181e-5	4.7911177835111826e-5
0.0002901073397156948	0.0	4.7421360841027176e-5	4.7421360841027176e-5
0	0.0	4.693700165105289e-5	4.6937001651052885e-5
0.00019340489314379654	0.0	4.645803235465394e-5	4.6458032354653944e-5
0	0.0	4.598438600661729e-5	4.598438600661729e-5
9.670244657189827e-5	0.0	4.551599661114047e-5	4.551599661114046e-5
9.670244657189827e-5	0.0	4.505279910622544e-5	4.505279910622544e-5
0	0.0	4.459472934837036e-5	4.459472934837037e-5
0.00019340489314379654	0.0	4.414172409755346e-5	4.414172409755345e-5
0	0.0	4.369372100250217e-5	4.369372100250217e-5
0	0.0	4.325065858624102e-5	4.325065858624101e-5
0	0.0	4.281247623191279e-5	4.2812476231912774e-5
0	0.0	4.23791141688666e-5	4.237911416886661e-5
0	0.0	4.195051345900717e-5	4.195051345900716e-5
0	0.0	4.152661598339961e-5	4.152661598339962e-5
0	0.0	4.1107364429124245e-5	4.110736442912424e-5
0	0.0	4.069270227637619e-5	4.0692702276376174e-5
0	0.0	4.0282573785804194e-5	4.02825737858042e-5
0	0.0	3.987692398608382e-5	3.9876923986083814e-5
0.00019340489314379654	0.0	3.9475698661719946e-5	3.947569866171995e-5
0	0.0	3.907884434107366e-5	3.9078844341073655e-5
0	0.0	3.868630828460861e-5	3.868630828460862e-5
0.00019340489314379654	0.0	3.829803847335278e-5	3.8298038473352764e-5
0	0.0	3.791398359757031e-5	3.791398359757031e-5
0	0.0	3.75340930456397e-5	3.753409304563969e-5
9.670244657189827e-5	0.0	3.715831689313344e-5	3.7158316893133444e-5
9.670244657189827e-5	0.0	3.678660589209554e-5	3.678660589209555e-5
9.670244657189827e-5	0.0	3.641891146051213e-5	3.641891146051215e-5
0	0.0	3.6055185671971734e-5	3.605518567197174e-5
0	0.0	3.569538124551075e-5	3.569538124551074e-5
0.00019340489314379654	0.0	3.533945153564076e-5	3.5339451535640754e-5
0.00019340489314379654	0.0	3.4987350522553836e-5	3.498735052255384e-5
9.670244657189827e-5	0.0	3.463903280250189e-5	3.463903280250189e-5
0	0.0	3.429445357834685e-5	3.429445357834685e-5
9.670244657189827e-5	0.0	3.395356865027803e-5	3.395356865027803e-5
0	0.0	3.361633440669317e-5	3.361633440669316e-5
9.670244657189827e-5	0.0	3.328270781524037e-5	3.3282707815240357e-5
9.670244657189827e-5	0.0	3.2952646414016714e-5	3.295264641401671e-5
0	0.0	3.262610830292148e-5	3.2626108302921484e-5
9.670244657189827e-5	0.0	3.230305213515994e-5	3.2303052135159944e-5
0.00019340489314379654	0.0	3.19834371088954e-5	3.1983437108895386e-5
0	0.0	3.1667222959045906e-5	3.16672229590459e-5
0	0.0	3.1354369949223374e-5	3.1354369949223374e-5
0	0.0	3.104483886381187e-5	3.1044838863811866e-5
0.00019340489314379654	0.0	3.073859100018234e-5	3.0738591000182335e-5
0	0.0	3.0435588161041e-5	3.0435588161041005e-5
0	0.0	3.013579264690942e-5	3.013579264690942e-5
0	0.0	2.983916724873268e-5	2.9839167248732682e-5
0.00019340489314379654	0.0	2.954567524061376e-5	2.9545675240613772e-5
9.670244657189827e-5	0.0	2.9255280372671606e-5	2.9255280372671606e-5
9.670244657189827e-5	0.0	2.896794686402033e-5	2.896794686402033e-5
0	0.0	2.868363939586721e-5	2.8683639395867212e-5
0	0.0	2.8402323104727378e-5	2.8402323104727378e-5
0	0.0	2.8123963575752522e-5	2.8123963575752532e-5
0	0.0	2.784852683617191e-5	2.7848526836171905e-5
0	0.0	2.7575979348843117e-5	2.757597934884312e-5
0	0.0	2.7306288005910783e-5	2.7306288005910783e-5
9.670244657189827e-5	0.0	2.7039420122570894e-5	2.7039420122570897e-5
9.670244657189827e-5	0.0	2.6775343430938964e-5	2.6775343430938964e-5
0	0.0	2.6514026074019755e-5	2.6514026074019755e-5
0.00019340489314379654	0.0	2.625543659977708e-5	2.6255436599777075e-5
0	0.0	2.5999543955301286e-5	2.5999543955301283e-5
0	0.0	2.5746317481072997e-5	2.5746317481073004e-5
0	0.0	2.5495726905320945e-5	2.5495726905320945e-5
9.670244657189827e-5	0.0	2.52477423384725e-5	2.52477423384725e-5
0	0.0	2.500233426769475e-5	2.5002334267694754e-5
9.670244657189827e-5	0.0	2.4759473551524784e-5	2.475947355152478e-5
0	0.0	2.4519131414587386e-5	2.4519131414587393e-5
0	0.0	2.4281279442398397e-5	2.4281279442398397e-5
0	0.0	2.4045889576252292e-5	2.40458895762523e-5
0	0.0	2.3812934108192498e-5	2.381293410819251e-5
0	0.0	2.3582385676062747e-5	2.358238567606275e-5
0	0.0	2.3354217258637896e-5	2.3354217258637893e-5
0	0.0	2.312840217083316e-5	2.3128402170833168e-5
0.0002901073397156948	0.0	2.2904914058989848e-5	2.290491405898984e-5
0.0002901073397156948	0.0	2.268372689623654e-5	2.2683726896236534e-5
0	0.0	2.2464814977924112e-5	2.246481497792411e-5
0	0.0	2.2248152917133418e-5	2.224815291713342e-5
0.00019340489314379654	0.0	2.203371564025426e-5	2.203371564025426e-5
9.670244657189827e-5	0.0	2.1821478382634307e-5	2.18214783826343e-5
0	0.0	2.1611416684296757e-5	2.1611416684296764e-5
9.670244657189827e-5	0.0	2.1403506385725556e-5	2.140350638572556e-5
0	0.0	2.1197723623716714e-5	2.1197723623716714e-5
9.670244657189827e-5	0.0	2.099404482729498e-5	2.0994044827294982e-5
9.670244657189827e-5	0.0	2.0792446713694176e-5	2.079244671369418e-5
0	0.0	2.0592906284400562e-5	2.0592906284400562e-5
0	0.0	2.0395400821257634e-5	2.0395400821257634e-5
0	0.0	2.019990788263172e-5	2.019990788263172e-5
0	0.0	2.0006405299636932e-5	2.0006405299636935e-5
0	0.0	1.9814871172418618e-5	1.9814871172418618e-5
0.00019340489314379654	0.0	1.9625283866494305e-5	1.962528386649431e-5
0	0.0	1.9437622009150943e-5	1.9437622009150946e-5
9.670244657189827e-5	0.0	1.9251864485897654e-5	1.9251864485897654e-5
9.670244657189827e-5	0.0	1.906799043697288e-5	1.9067990436972883e-5
0	0.0	1.8885979253905137e-5	1.8885979253905134e-5
0.00019340489314379654	0.0	1.870581057612626e-5	1.8705810576126258e-5
0	0.0	1.8527464287636316e-5	1.852746428763632e-5
9.670244657189827e-5	0.0	1.8350920513719305e-5	1.83509205137193e-5
0	0.0	1.8176159617708774e-5	1.8176159617708774e-5
0	0.0	1.8003162197802387e-5	1.8003162197802383e-5
9.670244657189827e-5	0.0	1.7831909083924793e-5	1.7831909083924796e-5
9.670244657189827e-5	0.0	1.766238133463776e-5	1.7662381334637757e-5
0	0.0	1.7494560234096855e-5	1.749456023409686e-5
0	0.0	1.7328427289053956e-5	1.732842728905396e-5
0	0.0	1.7163964225904644e-5	1.716396422590465e-5
9.670244657189827e-5	0.0	1.700115298777986e-5	1.7001152987779863e-5
0	0.0	1.683997573168101e-5	1.6839975731681015e-5
0	0.0	1.6680414825657768e-5	1.6680414825657765e-5
0	0.0	1.65224528460279e-5	1.6522452846027897e-5
9.670244657189827e-5	0.0	1.6366072574638386e-5	1.636607257463838e-5
0	0.0	1.621125699616704e-5	1.621125699616704e-5
0.00019340489314379654	0.0	1.6057989295464236e-5	1.605798929546423e-5
0	0.0	1.590625285493369e-5	1.5906252854933697e-5
0	0.0	1.5756031251951954e-5	1.5756031251951954e-5
9.670244657189827e-5	0.0	1.5607308256325808e-5	1.5607308256325808e-5
0	0.0	1.5460067827786933e-5	1.5460067827786933e-5
0	0.0	1.5314294113523367e-5	1.5314294113523367e-5
9.670244657189827e-5	0.0	1.5169971445746958e-5	1.5169971445746958e-5
0	0.0	1.5027084339296384e-5	1.5027084339296388e-5
0	0.0	1.4885617489275026e-5	1.488561748927503e-5
0	0.0	1.4745555768723201e-5	1.47455557687232e-5
0	0.0	1.4606884226324143e-5	1.4606884226324143e-5
0	0.0	1.4469588084143216e-5	1.4469588084143216e-5
0	0.0	1.4333652735399777e-5	1.4333652735399777e-5
0	0.0	1.4199063742271197e-5	1.4199063742271197e-5
0	0.0	1.4065806833728477e-5	1.4065806833728474e-5
0	0.0	1.3933867903402992e-5	1.393386790340299e-5
0	0.0	1.3803233007483784e-5	1.3803233007483784e-5
0	0.0	1.3673888362645047e-5	1.3673888362645046e-5
0	0.0	1.3545820344003093e-5	1.3545820344003097e-5
9.670244657189827e-5	0.0	1.341901548310256e-5	1.341901548310256e-5
0	0.0	1.3293460465931257e-5	1.3293460465931258e-5
9.670244657189827e-5	0.0	1.3169142130963266e-5	1.3169142130963268e-5
0	0.0	1.3046047467229647e-5	1.3046047467229647e-5
0	0.0	1.2924163612416648e-5	1.2924163612416653e-5
0	0.0	1.28034778509907e-5	1.28034778509907e-5
0.00019340489314379654	0.0	1.268397761234985e-5	1.268397761234985e-5
9.670244657189827e-5	0.0	1.256565046900125e-5	1.2565650469001249e-5
0	0.0	1.244848413476427e-5	1.244848413476427e-5
0	0.0	1.2332466462998815e-5	1.2332466462998815e-5
0	0.0	1.221758544485841e-5	1.221758544485841e-5
0	0.0	1.2103829207567835e-5	1.2103829207567836e-5
0	0.0	1.1991186012724627e-5	1.1991186012724628e-5
0	0.0	1.1879644254624397e-5	1.1879644254624395e-5
0	0.0	1.1769192458609337e-5	1.176919245860934e-5
0	0.0	1.1659819279439717e-5	1.1659819279439717e-5
0	0.0	1.1551513499687897e-5	1.1551513499687895e-5
0	0.0	1.1444264028154609e-5	1.1444264028154607e-5
0	0.0	1.1338059898307103e-5	1.1338059898307101e-5
0	0.0	1.1232890266738762e-5	1.1232890266738762e-5
0	0.0	1.1128744411650023e-5	1.1128744411650023e-5
0	0.0	1.1025611731350073e-5	1.1025611731350075e-5
0	0.0	1.0923481742779178e-5	1.0923481742779176e-5
0	0.0	1.0822344080051158e-5	1.082234408005116e-5
0	0.0	1.0722188493015902e-5	1.0722188493015902e-5
0	0.0	1.062300484584135e-5	1.0623004845841352e-5
0	0.0	1.0524783115614976e-5	1.0524783115614972e-5
0	0.0	1.0427513390964096e-5	1.0427513390964096e-5
0	0.0	1.0331185870695112e-5	1.033118587069511e-5
9.670244657189827e-5	0.0	1.0235790862451014e-5	1.0235790862451012e-5
9.670244657189827e-5	0.0	1.0141318781387184e-5	1.0141318781387182e-5
0	0.0	1.0047760148865037e-5	1.0047760148865039e-5
0	0.0	9.955105591163309e-6	9.955105591163307e-6
0	0.0	9.863345838206658e-6	9.863345838206658e-6
0	0.0	9.7724717223114e-6	9.7724717223114e-6
0	0.0	9.6824741769481e-6	9.6824741769481e-6
0	0.0	9.593344235520668e-6	9.59334423552067e-6
0	0.0	9.505073030161857e-6	9.505073030161853e-6
9.670244657189827e-5	0.0	9.41765179054486e-6	9.417651790544858e-6
0	0.0	9.33107184271071e-6	9.331071842710708e-6
0	0.0	9.245324607911326e-6	9.245324607911325e-6
9.670244657189827e-5	0.0	9.160401601467939e-6	9.160401601467939e-6
9.670244657189827e-5	0.0	9.076294431644666e-6	9.07629443164467e-6
0	0.0	8.992994798537e-6	8.992994798537001e-6
0	0.0	8.910494492975028e-6	8.910494492975028e-6
0	0.0	8.828785395441153e-6	8.828785395441155e-6
0	0.0	8.747859475002078e-6	8.747859475002076e-6
0	0.0	8.66770878825483e-6	8.667708788254831e-6
0	0.0	8.588325478286688e-6	8.588325478286687e-6
0	0.0	8.509701773648727e-6	8.509701773648727e-6
0	0.0	8.431829987342893e-6	8.431829987342893e-6
0	0.0	8.354702515822235e-6	8.35470251582223e-6
0	0.0	8.278311838004283e-6	8.278311838004277e-6
0	0.0	8.202650514297265e-6	8.202650514297265e-6
0	0.0	8.127711185639058e-6	8.12771118563906e-6
0	0.0	8.053486572548568e-6	8.05348657254857e-6
0	0.0	7.979969474189493e-6	7.979969474189496e-6
0	0.0	7.907152767446262e-6	7.907152767446262e-6
0	0.0	7.835029406011807e-6	7.835029406011804e-6
0	0.0	7.763592419487324e-6	7.763592419487322e-6
0	0.0	7.692834912493503e-6	7.692834912493503e-6
0	0.0	7.622750063793312e-6	7.622750063793313e-6
0	0.0	7.55333112542602e-6	7.55333112542602e-6
0	0.0	7.484571421852395e-6	7.4845714218523945e-6
0	0.0	7.416464349110885e-6	7.4164643491108845e-6
0	0.0	7.3490033739845645e-6	7.349003373984564e-6
0	0.0	7.282182033178792e-6	7.2821820331787916e-6
9.670244657189827e-5	0.0	7.215993932509371e-6	7.215993932509373e-6
9.670244657189827e-5	0.0	7.15043274610109e-6	7.1504327461010885e-6
0	0.0	7.0854922155964285e-6	7.085492215596429e-6
0	0.0	7.021166149374386e-6	7.021166149374386e-6
0	0.0	6.957448421779236e-6	6.957448421779237e-6
0	0.0	6.8943329723590615e-6	6.894332972359062e-6
0	0.0	6.831813805113906e-6	6.831813805113907e-6
0	0.0	6.769884987753536e-6	6.769884987753536e-6
0	0.0	6.7085406509644555e-6	6.7085406509644555e-6
0	0.0	6.647774987686318e-6	6.647774987686318e-6
0	0.0	6.587582252397345e-6	6.587582252397346e-6
9.670244657189827e-5	0.0	6.527956760408789e-6	6.5279567604087915e-6
9.670244657189827e-5	0.0	6.468892887168257e-6	6.468892887168257e-6
0	0.0	6.410385067571792e-6	6.410385067571793e-6
0	0.0	6.3524277952845705e-6	6.3524277952845705e-6
0	0.0	6.295015622070082e-6	6.295015622070081e-6
9.670244657189827e-5	0.0	6.238143157127738e-6	6.238143157127739e-6
0	0.0	6.181805066438725e-6	6.181805066438724e-6
0	0.0	6.125996072120017e-6	6.125996072120017e-6
0	0.0	6.07071095178644e-6	6.07071095178644e-6
0	0.0	6.015944537920658e-6	6.015944537920657e-6
0	0.0	5.961691717250994e-6	5.961691717250996e-6
0	0.0	5.907947430136971e-6	5.9079474301369696e-6
0	0.0	5.85470666996243e-6	5.85470666996243e-6
0	0.0	5.801964482536223e-6	5.801964482536221e-6
0	0.0	5.749715965500239e-6	5.749715965500239e-6
0	0.0	5.697956267744769e-6	5.697956267744768e-6
0	0.0	5.646680588831091e-6	5.64668058883109e-6
0	0.0	5.595884178421089e-6	5.59588417842109e-6
0	0.0	5.545562335714e-6	5.5455623357140015e-6
0	0.0	5.49571040888996e-6	5.495710408889959e-6
0	0.0	5.4463237945604186e-6	5.4463237945604186e-6
0	0.0	5.397397937225319e-6	5.39739793722532e-6
9.670244657189827e-5	0.0	5.348928328736833e-6	5.348928328736833e-6
0	0.0	5.300910507769716e-6	5.300910507769715e-6
0	0.0	5.25334005929809e-6	5.253340059298091e-6
0	0.0	5.2062126140786e-6	5.206212614078599e-6
0	0.0	5.1595238481398845e-6	5.159523848139884e-6
0	0.0	5.113269482278195e-6	5.113269482278196e-6
0	0.0	5.067445281559197e-6	5.067445281559197e-6
0	0.0	5.022047054825767e-6	5.022047054825767e-6
0	0.0	4.977070654211776e-6	4.977070654211777e-6
0	0.0	4.932511974661722e-6	4.932511974661722e-6
0	0.0	4.8883669534562055e-6	4.888366953456206e-6
0	0.0	4.844631569743077e-6	4.844631569743077e-6
0	0.0	4.801301844074265e-6	4.801301844074264e-6
0	0.0	4.758373837948174e-6	4.758373837948172e-6
0	0.0	4.715843653357589e-6	4.715843653357589e-6
0	0.0	4.673707432342964e-6	4.673707432342965e-6
9.670244657189827e-5	0.0	4.631961356551132e-6	4.631961356551132e-6
0	0.0	4.590601646799235e-6	4.590601646799234e-6
0	0.0	4.549624562643914e-6	4.549624562643913e-6
0	0.0	4.509026401955627e-6	4.5090264019556275e-6
0	0.0	4.468803500498039e-6	4.46880350049804e-6
0	0.0	4.428952231512456e-6	4.428952231512457e-6
0	0.0	4.389469005307149e-6	4.389469005307148e-6
0	0.0	4.350350268851619e-6	4.35035026885162e-6
0	0.0	4.311592505375658e-6	4.311592505375656e-6
0	0.0	4.273192233973154e-6	4.273192233973153e-6
0	0.0	4.23514600921059e-6	4.23514600921059e-6
9.670244657189827e-5	0.0	4.197450420740221e-6	4.197450420740221e-6
0	0.0	4.160102092917744e-6	4.1601020929177455e-6
0	0.0	4.123097684424573e-6	4.123097684424574e-6
0	0.0	4.086433887894482e-6	4.086433887894481e-6
0	0.0	4.050107429544711e-6	4.050107429544711e-6
0	0.0	4.01411506881138e-6	4.014115068811381e-6
0	0.0	3.978453597989203e-6	3.978453597989201e-6
0	0.0	3.9431198418754135e-6	3.9431198418754135e-6
0	0.0	3.9081106574179e-6	3.9081106574179e-6
0.00019340489314379654	0.0	3.873422933367419e-6	3.87342293336742e-6
0	0.0	3.839053589933913e-6	3.839053589933913e-6
0	0.0	3.8049995784468268e-6	3.804999578446827e-6
0	0.0	3.771257881019402e-6	3.7712578810194028e-6
0	0.0	3.7378255102168722e-6	3.737825510216872e-6
0	0.0	3.7046995087285324e-6	3.7046995087285324e-6
9.670244657189827e-5	0.0	3.6718769490436333e-6	3.6718769490436333e-6
0	0.0	3.6393549331310264e-6	3.639354933131027e-6
0	0.0	3.6071305921225265e-6	3.6071305921225265e-6
0	0.0	3.5752010859999733e-6	3.5752010859999737e-6
9.670244657189827e-5	0.0	3.5435636032858936e-6	3.5435636032858936e-6
0	0.0	3.5122153607377494e-6	3.512215360737749e-6
0	0.0	3.4811536030457336e-6	3.481153603045733e-6
0	0.0	3.450375602534033e-6	3.4503756025340325e-6
0	0.0	3.4198786588655554e-6	3.4198786588655554e-6
0	0.0	3.3896600987500716e-6	3.389660098750072e-6
0	0.0	3.3597172756556648e-6	3.359717275655665e-6
0	0.0	3.3300475695235764e-6	3.3300475695235756e-6
0	0.0	3.300648386486256e-6	3.3006483864862555e-6
0	0.0	3.271517158588692e-6	3.271517158588691e-6
0	0.0	3.242651343512923e-6	3.2426513435129234e-6
0	0.0	3.2140484243056857e-6	3.2140484243056857e-6
0	0.0	3.185705909109229e-6	3.1857059091092283e-6
0	0.0	3.1576213308951403e-6	3.1576213308951403e-6
0	0.0	3.1297922472012656e-6	3.1297922472012652e-6
0	0.0	3.1022162398715955e-6	3.102216239871596e-6
0	0.0	3.074890914799135e-6	3.0748909147991356e-6
0	0.0	3.0478139016716817e-6	3.047813901671682e-6
9.670244657189827e-5	0.0	3.02098285372052e-6	3.02098285372052e-6
0	0.0	2.994395447471944e-6	2.994395447471944e-6
0	0.0	2.9680493825016197e-6	2.96804938250162e-6
0	0.0	2.9419423811917124e-6	2.941942381191713e-6
0	0.0	2.9160721884907936e-6	2.916072188490794e-6
0	0.0	2.8904365716764304e-6	2.890436571676431e-6
0	0.0	2.865033320120486e-6	2.8650333201204865e-6
0	0.0	2.8398602450570547e-6	2.8398602450570547e-6
0	0.0	2.814915179353019e-6	2.8149151793530175e-6
0	0.0	2.7901959772811947e-6	2.7901959772811947e-6
0	0.0	2.765700514296032e-6	2.765700514296032e-6
9.670244657189827e-5	0.0	2.7414266868118317e-6	2.7414266868118313e-6
0	0.0	2.7173724119834523e-6	2.7173724119834527e-6
9.670244657189827e-5	0.0	2.693535627489502e-6	2.6935356274895015e-6
9.670244657189827e-5	0.0	2.669914291317925e-6	2.669914291317925e-6
0	0.0	2.6465063815540266e-6	2.6465063815540258e-6
0	0.0	2.623309896170836e-6	2.623309896170836e-6
0	0.0	2.6003228528218483e-6	2.6003228528218483e-6
0	0.0	2.577543288636064e-6	2.5775432886360648e-6
0	0.0	2.554969260015305e-6	2.5549692600153046e-6
0	0.0	2.5325988424338184e-6	2.532598842433818e-6
0	0.0	2.510430130240095e-6	2.510430130240095e-6
0	0.0	2.4884612364608846e-6	2.488461236460884e-6
0	0.0	2.4666902926074204e-6	2.466690292607421e-6
9.670244657189827e-5	0.0	2.4451154484837717e-6	2.4451154484837717e-6
9.670244657189827e-5	0.0	2.423734871997328e-6	2.4237348719973285e-6
0	0.0	2.4025467489713906e-6	2.4025467489713906e-6
0	0.0	2.3815492829598372e-6	2.381549282959837e-6
0	0.0	2.360740695063838e-6	2.3607406950638384e-6
0	0.0	2.3401192237505997e-6	2.3401192237506006e-6
0	0.0	2.3196831246741097e-6	2.3196831246741092e-6
0	0.0	2.2994306704978576e-6	2.2994306704978576e-6
0	0.0	2.2793601507195263e-6	2.2793601507195268e-6
0	0.0	2.2594698714975893e-6	2.25946987149759e-6
0	0.0	2.2397581554798413e-6	2.239758155479841e-6
0	0.0	2.2202233416338015e-6	2.2202233416338015e-6
9.670244657189827e-5	0.0	2.2008637850789784e-6	2.200863785078979e-6
0	0.0	2.1816778569209852e-6	2.181677856920984e-6
0	0.0	2.1626639440874758e-6	2.1626639440874766e-6
0	0.0	2.1438204491658695e-6	2.1438204491658703e-6
9.670244657189827e-5	0.0	2.125145790242859e-6	2.1251457902428584e-6
0	0.0	2.1066384007456654e-6	2.106638400745665e-6
0	0.0	2.0882967292850455e-6	2.088296729285045e-6
0	0.0	2.070119239499999e-6	2.0701192394999984e-6
0	0.0	2.0521044099041797e-6	2.0521044099041797e-6
0	0.0	2.0342507337339706e-6	2.0342507337339706e-6
0	0.0	2.0165567187982203e-6	2.0165567187982203e-6
0	0.0	1.99902088732962e-6	1.9990208873296202e-6
0	0.0	1.9816417758376845e-6	1.981641775837685e-6
0	0.0	1.9644179349633435e-6	1.964417934963344e-6
0	0.0	1.9473479293351016e-6	1.9473479293351007e-6
0	0.0	1.930430337426764e-6	1.9304303374267636e-6
0	0.0	1.9136637514166965e-6	1.913663751416697e-6
0	0.0	1.8970467770486262e-6	1.897046777048626e-6
0	0.0	1.8805780334939274e-6	1.8805780334939274e-6
0	0.0	1.8642561532154085e-6	1.8642561532154085e-6
0	0.0	1.848079781832572e-6	1.8480797818325724e-6
0	0.0	1.8320475779883177e-6	1.8320475779883181e-6
9.670244657189827e-5	0.0	1.8161582132170984e-6	1.8161582132170986e-6
0	0.0	1.8004103718144764e-6	1.8004103718144766e-6
0	0.0	1.7848027507081082e-6	1.7848027507081082e-6
0	0.0	1.7693340593300944e-6	1.7693340593300944e-6
0	0.0	1.7540030194907178e-6	1.7540030194907178e-6
0	0.0	1.7388083652535283e-6	1.7388083652535283e-6
0	0.0	1.7237488428117716e-6	1.7237488428117714e-6
0	0.0	1.7088232103661429e-6	1.708823210366143e-6
0	0.0	1.694030238003848e-6	1.694030238003848e-6
0	0.0	1.6793687075789613e-6	1.6793687075789615e-6
0	0.0	1.6648374125940694e-6	1.664837412594069e-6
0	0.0	1.6504351580831597e-6	1.6504351580831597e-6
0	0.0	1.6361607604957852e-6	1.636160760495785e-6
9.670244657189827e-5	0.0	1.622013047582446e-6	1.6220130475824458e-6
0	0.0	1.607990858281204e-6	1.607990858281204e-6
0	0.0	1.5940930426054984e-6	1.5940930426054982e-6
0	0.0	1.5803184615331605e-6	1.58031846153316e-6
0	0.0	1.5666659868966062e-6	1.5666659868966062e-6
0	0.0	1.5531345012742001e-6	1.5531345012742003e-6
0	0.0	1.5397228978827619e-6	1.5397228978827616e-6
0	0.0	1.5264300804712262e-6	1.5264300804712262e-6
0	0.0	1.5132549632154274e-6	1.5132549632154271e-6
0	0.0	1.5001964706139936e-6	1.5001964706139938e-6
0	0.0	1.4872535373853467e-6	1.4872535373853467e-6
0	0.0	1.4744251083657904e-6	1.4744251083657906e-6
0	0.0	1.4617101384086829e-6	1.461710138408683e-6
0	0.0	1.4491075922846592e-6	1.4491075922846594e-6
0	0.0	1.4366164445829254e-6	1.4366164445829254e-6
0	0.0	1.4242356796135775e-6	1.4242356796135773e-6
0	0.0	1.4119642913109606e-6	1.411964291310961e-6
0	0.0	1.3998012831380423e-6	1.3998012831380423e-6
0	0.0	1.3877456679917907e-6	1.3877456679917907e-6
0	0.0	1.375796468109549e-6	1.375796468109549e-6
0	0.0	1.3639527149763994e-6	1.3639527149763992e-6
0	0.0	1.3522134492334816e-6	1.3522134492334818e-6
9.670244657189827e-5	0.0	1.3405777205873026e-6	1.3405777205873024e-6
0	0.0	1.329044587719968e-6	1.3290445877199678e-6
0	0.0	1.3176131182003733e-6	1.3176131182003733e-6
0	0.0	1.3062823883963123e-6	1.3062823883963125e-6
0	0.0	1.295051483387517e-6	1.295051483387517e-6
0	0.0	1.2839194968796002e-6	1.2839194968796004e-6
0	0.0	1.272885531118889e-6	1.2728855311188888e-6
0	0.0	1.2619486968081679e-6	1.2619486968081677e-6
0	0.0	1.2511081130232814e-6	1.2511081130232812e-6
0	0.0	1.2403629071306136e-6	1.2403629071306142e-6
0	0.0	1.2297122147054314e-6	1.2297122147054312e-6
9.670244657189827e-5	0.0	1.2191551794510686e-6	1.2191551794510686e-6
0	0.0	1.2086909531189584e-6	1.2086909531189587e-6
9.670244657189827e-5	0.0	1.1983186954294906e-6	1.1983186954294902e-6
0	0.0	1.1880375739937009e-6	1.1880375739937009e-6
0	0.0	1.1778467642357606e-6	1.1778467642357604e-6
0	0.0	1.1677454493162775e-6	1.1677454493162775e-6
0	0.0	1.157732820056396e-6	1.157732820056396e-6
0	0.0	1.1478080748626676e-6	1.1478080748626678e-6
0	0.0	1.1379704196527199e-6	1.13797041965272e-6
0	0.0	1.1282190677816785e-6	1.1282190677816783e-6
0	0.0	1.1185532399693554e-6	1.1185532399693556e-6
0	0.0	1.108972164228192e-6	1.1089721642281919e-6
0	0.0	1.0994750757919387e-6	1.0994750757919387e-6
0	0.0	1.0900612170450778e-6	1.090061217045078e-6
0	0.0	1.080729837452971e-6	1.0807298374529708e-6
0	0.0	1.0714801934927242e-6	1.071480193492724e-6
0	0.0	1.062311548584766e-6	1.062311548584766e-6
0	0.0	1.0532231730251328e-6	1.053223173025133e-6
0	0.0	1.0442143439184418e-6	1.0442143439184418e-6
0	0.0	1.0352843451115658e-6	1.0352843451115656e-6
0	0.0	1.0264324671279763e-6	1.0264324671279763e-6
0	0.0	1.017658007102766e-6	1.017658007102766e-6
0	0.0	1.0089602687183384e-6	1.0089602687183386e-6
0	0.0	1.0003385621407522e-6	1.0003385621407522e-6
0	0.0	9.917922039567224e-7	9.91792203956722e-7
0	0.0	9.83320517111263e-7	9.83320517111263e-7
9.670244657189827e-5	0.0	9.749228308459667e-7	9.749228308459667e-7
0	0.0	9.665984806379223e-7	9.665984806379223e-7
0	0.0	9.583468081392427e-7	9.583468081392429e-7
0	0.0	9.501671611172238e-7	9.501671611172237e-7
0	0.0	9.420588933951039e-7	9.420588933951037e-7
0	0.0	9.34021364793435e-7	9.34021364793435e-7
0	0.0	9.260539410720433e-7	9.260539410720432e-7
0	0.0	9.181559938725891e-7	9.18155993872589e-7
0	0.0	9.103269006616994e-7	9.103269006616994e-7
0	0.0	9.025660446746944e-7	9.025660446746942e-7
0	0.0	8.948728148598694e-7	8.94872814859869e-7
0	0.0	8.872466058233544e-7	8.872466058233543e-7
0	0.0	8.796868177745304e-7	8.796868177745304e-7
0	0.0	8.721928564719927e-7	8.721928564719931e-7
0	0.0	8.64764133170074e-7	8.647641331700741e-7
0	0.0	8.574000645658948e-7	8.574000645658949e-7
0	0.0	8.501000727469629e-7	8.501000727469627e-7
0	0.0	8.428635851392958e-7	8.428635851392957e-7
9.670244657189827e-5	0.0	8.35690034456068e-7	8.356900344560681e-7
0	0.0	8.285788586467799e-7	8.285788586467797e-7
0	0.0	8.215295008469385e-7	8.215295008469385e-7
0	0.0	8.145414093282424e-7	8.145414093282422e-7
0	0.0	8.076140374492768e-7	8.076140374492768e-7
0	0.0	8.007468436066987e-7	8.007468436066987e-7
9.670244657189827e-5	0.0	7.939392911869189e-7	7.93939291186919e-7
0	0.0	7.871908485182653e-7	7.871908485182654e-7
0	0.0	7.805009888236305e-7	7.805009888236303e-7
0	0.0	7.738691901735948e-7	7.738691901735947e-7
0	0.0	7.672949354400221e-7	7.67294935440022e-7
0	0.0	7.607777122501194e-7	7.607777122501194e-7
0	0.0	7.543170129409573e-7	7.543170129409572e-7
0	0.0	7.479123345144485e-7	7.479123345144483e-7
0	0.0	7.415631785927759e-7	7.415631785927758e-7
0	0.0	7.352690513742702e-7	7.352690513742701e-7
0	0.0	7.290294635897236e-7	7.290294635897236e-7
0	0.0	7.228439304591478e-7	7.22843930459148e-7
0	0.0	7.167119716489599e-7	7.167119716489599e-7
0	0.0	7.106331112295952e-7	7.106331112295955e-7
0	0.0	7.046068776335479e-7	7.046068776335478e-7
0	0.0	6.98632803613828e-7	6.986328036138283e-7
0	0.0	6.927104262028329e-7	6.927104262028328e-7
0	0.0	6.868392866716278e-7	6.868392866716278e-7
0	0.0	6.810189304896347e-7	6.810189304896348e-7
0	0.0	6.752489072847233e-7	6.752489072847232e-7
0	0.0	6.695287708036952e-7	6.695287708036952e-7
0	0.0	6.638580788731621e-7	6.638580788731622e-7
0	0.0	6.582363933608197e-7	6.582363933608196e-7
0	0.0	6.52663280137096e-7	6.526632801370959e-7
0	0.0	6.471383090371892e-7	6.471383090371894e-7
0	0.0	6.416610538234785e-7	6.416610538234787e-7
0	0.0	6.362310921483081e-7	6.362310921483081e-7
0	0.0	6.308480055171391e-7	6.308480055171391e-7
0	0.0	6.255113792520706e-7	6.255113792520707e-7
0	0.0	6.202208024557178e-7	6.202208024557177e-7
0	0.0	6.149758679754511e-7	6.14975867975451e-7
0	0.0	6.097761723679853e-7	6.097761723679856e-7
0	0.0	6.046213158643223e-7	6.046213158643221e-7
0	0.0	5.995109023350382e-7	5.995109023350383e-7
0	0.0	5.944445392559158e-7	5.944445392559159e-7
0	0.0	5.894218376739132e-7	5.894218376739132e-7
0	0.0	5.844424121734683e-7	5.844424121734684e-7
0	0.0	5.795058808431428e-7	5.795058808431428e-7
0	0.0	5.746118652425803e-7	5.746118652425805e-7
0	0.0	5.697599903698072e-7	5.697599903698072e-7
0	0.0	5.649498846288405e-7	5.649498846288406e-7
0	0.0	5.601811797976248e-7	5.601811797976251e-7
0	0.0	5.5545351099628e-7	5.554535109962799e-7
0	0.0	5.507665166556607e-7	5.507665166556607e-7
0	0.0	5.461198384862274e-7	5.461198384862274e-7
0	0.0	5.4151312144722e-7	5.415131214472199e-7
0	0.0	5.369460137161361e-7	5.36946013716136e-7
0	0.0	5.324181666585086e-7	5.324181666585085e-7
0	0.0	5.279292347979785e-7	5.279292347979786e-7
0	0.0	5.234788757866617e-7	5.234788757866616e-7
0	0.0	5.190667503758052e-7	5.190667503758051e-7
0	0.0	5.146925223867325e-7	5.146925223867327e-7
0	0.0	5.103558586820715e-7	5.103558586820714e-7
0	0.0	5.06056429137262e-7	5.06056429137262e-7
0	0.0	5.017939066123478e-7	5.01793906612348e-7
9.670244657189827e-5	0.0	4.975679669240373e-7	4.975679669240371e-7
0	0.0	4.933782888180405e-7	4.933782888180404e-7
0	0.0	4.892245539416777e-7	4.892245539416777e-7
0	0.0	4.851064468167499e-7	4.8510644681675e-7
0	0.0	4.810236548126784e-7	4.810236548126786e-7
0	0.0	4.769758681199051e-7	4.769758681199051e-7
0	0.0	4.729627797235494e-7	4.7296277972354935e-7
0	0.0	4.6898408537732645e-7	4.6898408537732655e-7
0	0.0	4.650394835777133e-7	4.650394835777133e-7
0	0.0	4.6112867553837024e-7	4.6112867553837034e-7
0	0.0	4.572513651648113e-7	4.5725136516481125e-7
0	0.0	4.5340725902931464e-7	4.534072590293147e-7
0	0.0	4.495960663460858e-7	4.495960663460858e-7
0	0.0	4.4581749894665517e-7	4.458174989466551e-7
0	0.0	4.420712712555154e-7	4.4207127125551537e-7
0	0.0	4.383571002659971e-7	4.383571002659971e-7
0	0.0	4.3467470551637615e-7	4.346747055163763e-7
0	0.0	4.310238090662141e-7	4.310238090662141e-7
0	0.0	4.274041354729256e-7	4.274041354729255e-7
0	0.0	4.238154117685747e-7	4.238154117685748e-7
0	0.0	4.2025736743689426e-7	4.2025736743689426e-7
0	0.0	4.1672973439052776e-7	4.1672973439052765e-7
0	0.0	4.1323224694849103e-7	4.13232246948491e-7
0	0.0	4.0976464181385163e-7	4.097646418138516e-7
0	0.0	4.06326658051625e-7	4.06326658051625e-7
0	0.0	4.0291803706688096e-7	4.029180370668809e-7
0	0.0	3.995385225830639e-7	3.9953852258306384e-7
0	0.0	3.961878606205213e-7	3.961878606205213e-7
0	0.0	3.928657994752374e-7	3.928657994752375e-7
0	0.0	3.8957208969777586e-7	3.895720896977758e-7
0	0.0	3.863064840724199e-7	3.863064840724199e-7
0	0.0	3.8306873759651726e-7	3.8306873759651726e-7
0	0.0	3.7985860746002157e-7	3.798586074600215e-7
0	0.0	3.766758530252297e-7	3.7667585302522967e-7
0	0.0	3.735202358067183e-7	3.735202358067183e-7
0	0.0	3.703915194514669e-7	3.7039151945146695e-7
0	0.0	3.6728946971917643e-7	3.6728946971917643e-7
0	0.0	3.642138544627727e-7	3.6421385446277265e-7
0	0.0	3.6116444360910167e-7	3.611644436091016e-7
0	0.0	3.5814100913980476e-7	3.581410091398047e-7
9.670244657189827e-5	0.0	3.55143325072382e-7	3.5514332507238196e-7
0	0.0	3.5217116744143155e-7	3.5217116744143155e-7
0	0.0	3.4922431428007444e-7	3.4922431428007444e-7
0	0.0	3.46302545601551e-7	3.4630254560155093e-7
0	0.0	3.434056433809993e-7	3.4340564338099923e-7
0	0.0	3.40533391537403e-7	3.40533391537403e-7
0	0.0	3.376855759157138e-7	3.3768557591571376e-7
0	0.0	3.3486198426914506e-7	3.348619842691451e-7
0	0.0	3.3206240624163443e-7	3.320624062416345e-7
0	0.0	3.2928663335046975e-7	3.2928663335046975e-7
0	0.0	3.2653445896908936e-7	3.2653445896908936e-7
0	0.0	3.2380567831003685e-7	3.2380567831003675e-7
0	0.0	3.2110008840808357e-7	3.2110008840808357e-7
0	0.0	3.1841748810351283e-7	3.1841748810351283e-7
0	0.0	3.1575767802555854e-7	3.157576780255586e-7
0	0.0	3.131204605760066e-7	3.131204605760066e-7
0	0.0	3.105056399129476e-7	3.105056399129476e-7
0	0.0	3.079130219346883e-7	3.0791302193468827e-7
0	0.0	3.053424142638129e-7	3.0534241426381294e-7
0	0.0	3.027936262313974e-7	3.027936262313974e-7
0	0.0	3.00266468861373e-7	3.0026646886137303e-7
0	0.0	2.9776075485503944e-7	2.977607548550394e-7
0	0.0	2.952762985757216e-7	2.952762985757216e-7
0	0.0	2.9281291603357636e-7	2.9281291603357636e-7
0	0.0	2.903704248705411e-7	2.9037042487054105e-7
0	0.0	2.879486443454238e-7	2.8794864434542373e-7
0	0.0	2.8554739531913664e-7	2.855473953191367e-7
0	0.0	2.831665002400683e-7	2.8316650024006827e-7
0	0.0	2.8080578312959386e-7	2.8080578312959386e-7
0	0.0	2.7846506956772355e-7	2.784650695677235e-7
0	0.0	2.761441866788858e-7	2.761441866788857e-7
0	0.0	2.738429631178455e-7	2.7384296311784544e-7
0	0.0	2.715612290557549e-7	2.715612290557549e-7
0	0.0	2.692988161663366e-7	2.692988161663366e-7
0	0.0	2.670555576121957e-7	2.6705555761219575e-7
0	0.0	2.6483128803126333e-7	2.6483128803126333e-7
9.670244657189827e-5	0.0	2.6262584352336665e-7	2.626258435233666e-7
0	0.0	2.6043906163692553e-7	2.6043906163692553e-7
0	0.0	2.5827078135577366e-7	2.5827078135577377e-7
0	0.0	2.5612084308610697e-7	2.56120843086107e-7
0	0.0	2.5398908864355206e-7	2.5398908864355196e-7
0	0.0	2.518753612403559e-7	2.5187536124035593e-7
0	0.0	2.4977950547269966e-7	2.497795054726996e-7
0	0.0	2.4770136730812804e-7	2.47701367308128e-7
0	0.0	2.4564079407309883e-7	2.456407940730989e-7
0	0.0	2.435976344406484e-7	2.435976344406484e-7
0	0.0	2.4157173841817505e-7	2.4157173841817505e-7
0	0.0	2.395629573353343e-7	2.3956295733533424e-7
0	0.0	2.3757114383204917e-7	2.3757114383204914e-7
0	0.0	2.3559615184663403e-7	2.3559615184663403e-7
0	0.0	2.3363783660402846e-7	2.336378366040285e-7
0	0.0	2.3169605460414077e-7	2.316960546041408e-7
0	0.0	2.2977066361030304e-7	2.29770663610303e-7
0	0.0	2.2786152263783174e-7	2.2786152263783168e-7
0	0.0	2.2596849194269826e-7	2.259684919426983e-7
0	0.0	2.2409143301030217e-7	2.2409143301030222e-7
0	0.0	2.2223020854435323e-7	2.2223020854435328e-7
0	0.0	2.2038468245585395e-7	2.2038468245585395e-7
0	0.0	2.185547198521877e-7	2.185547198521877e-7
0	0.0	2.1674018702630727e-7	2.167401870263073e-7
0	0.0	2.149409514460254e-7	2.149409514460254e-7
0	0.0	2.1315688174340445e-7	2.131568817434044e-7
0	0.0	2.113878477042456e-7	2.1138784770424563e-7
0	0.0	2.0963372025767716e-7	2.0963372025767714e-7
0	0.0	2.078943714658377e-7	2.078943714658377e-7
0	0.0	2.0616967451365675e-7	2.0616967451365677e-7
0	0.0	2.0445950369873155e-7	2.0445950369873155e-7
0	0.0	2.0276373442129644e-7	2.027637344212965e-7
0	0.0	2.0108224317428675e-7	2.010822431742868e-7
9.670244657189827e-5	0.0	1.9941490753349488e-7	1.9941490753349483e-7
0	0.0	1.977616061478178e-7	1.977616061478178e-7
0	0.0	1.961222187295962e-7	1.961222187295962e-7
0	0.0	1.9449662604504234e-7	1.9449662604504234e-7
0	0.0	1.9288470990475705e-7	1.9288470990475708e-7
0	0.0	1.912863531543356e-7	1.9128635315433556e-7
0	0.0	1.8970143966506046e-7	1.8970143966506043e-7
0	0.0	1.8812985432468028e-7	1.8812985432468025e-7
0	0.0	1.865714830282741e-7	1.8657148302827419e-7
0	0.0	1.8502621266920236e-7	1.8502621266920233e-7
0	0.0	1.8349393113013854e-7	1.834939311301385e-7
0	0.0	1.8197452727418657e-7	1.8197452727418654e-7
0	0.0	1.8046789093608046e-7	1.8046789093608046e-7
0	0.0	1.789739129134636e-7	1.7897391291346362e-7
0	0.0	1.7749248495825083e-7	1.774924849582508e-7
0	0.0	1.7602349976806888e-7	1.7602349976806883e-7
0	0.0	1.745668509777783e-7	1.7456685097777824e-7
0	0.0	1.7312243315107038e-7	1.7312243315107038e-7
0	0.0	1.7169014177214566e-7	1.7169014177214566e-7
0	0.0	1.7026987323746634e-7	1.7026987323746634e-7
0	0.0	1.688615248475863e-7	1.688615248475863e-7
0	0.0	1.674649947990569e-7	1.6746499479905687e-7
0	0.0	1.6608018217640606e-7	1.660801821764061e-7
0	0.0	1.647069869441935e-7	1.6470698694419353e-7
0	0.0	1.6334530993913766e-7	1.6334530993913766e-7
0	0.0	1.619950528623153e-7	1.619950528623153e-7
0	0.0	1.6065611827143423e-7	1.6065611827143423e-7
0	0.0	1.5932840957317604e-7	1.5932840957317604e-7
0	0.0	1.5801183101561028e-7	1.580118310156103e-7
0	0.0	1.5670628768067788e-7	1.567062876806779e-7
0	0.0	1.5541168547674478e-7	1.554116854767448e-7
0	0.0	1.5412793113122248e-7	1.5412793113122253e-7
0	0.0	1.5285493218325758e-7	1.528549321832576e-7
0	0.0	1.5159259697648948e-7	1.5159259697648954e-7
0	0.0	1.5034083465187244e-7	1.5034083465187247e-7
0	0.0	1.4909955514056592e-7	1.4909955514056592e-7
0	0.0	1.4786866915688808e-7	1.4786866915688808e-7
0	0.0	1.466480881913358e-7	1.4664808819133585e-7
0	0.0	1.4543772450366862e-7	1.4543772450366862e-7
0	0.0	1.4423749111605448e-7	1.4423749111605445e-7
0	0.0	1.4304730180628103e-7	1.4304730180628106e-7
0	0.0	1.4186707110102687e-7	1.4186707110102687e-7
0	0.0	1.4069671426919565e-7	1.4069671426919567e-7
0	0.0	1.3953614731531102e-7	1.3953614731531097e-7
0	0.0	1.3838528697297233e-7	1.3838528697297236e-7
0	0.0	1.3724405069837038e-7	1.3724405069837033e-7
0	0.0	1.361123566638622e-7	1.3611235666386217e-7
0	0.0	1.3499012375160427e-7	1.3499012375160425e-7
0	0.0	1.3387727154724544e-7	1.3387727154724541e-7
0	0.0	1.3277372033367594e-7	1.3277372033367596e-7
0	0.0	1.316793910848348e-7	1.316793910848348e-7
0	0.0	1.3059420545957328e-7	1.3059420545957325e-7
0	0.0	1.295180857955747e-7	1.2951808579557466e-7
0	0.0	1.28450955103329e-7	1.2845095510332898e-7
0	0.0	1.2739273706016396e-7	1.2739273706016402e-7
0	0.0	1.263433560043294e-7	1.2634335600432937e-7
0	0.0	1.2530273692913634e-7	1.2530273692913634e-7
0	0.0	1.2427080547714853e-7	1.2427080547714853e-7
0	0.0	1.2324748793442908e-7	1.232474879344291e-7
0	0.0	1.2223271122483697e-7	1.222327112248369e-7
0	0.0	1.2122640290437737e-7	1.2122640290437737e-7
9.670244657189827e-5	0.0	1.2022849115560296e-7	1.20228491155603e-7
0	0.0	1.19238904782066e-7	1.1923890478206605e-7
0	0.0	1.1825757320282167e-7	1.1825757320282165e-7
0	0.0	1.1728442644697995e-7	1.1728442644697992e-7
0	0.0	1.1631939514830889e-7	1.163193951483089e-7
0	0.0	1.1536241053988639e-7	1.1536241053988638e-7
0	0.0	1.1441340444879971e-7	1.1441340444879967e-7
0	0.0	1.1347230929089443e-7	1.1347230929089442e-7
0	0.0	1.1253905806557047e-7	1.1253905806557046e-7
0	0.0	1.1161358435062551e-7	1.116135843506255e-7
0	0.0	1.1069582229714567e-7	1.1069582229714565e-7
0	0.0	1.0978570662444199e-7	1.0978570662444199e-7
0	0.0	1.0888317261503333e-7	1.088831726150333e-7
0	0.0	1.0798815610967438e-7	1.0798815610967438e-7
0	0.0	1.0710059350242933e-7	1.0710059350242927e-7
0	0.0	1.062204217357899e-7	1.0622042173578991e-7
0	0.0	1.0534757829583797e-7	1.0534757829583795e-7
0	0.0	1.0448200120745117e-7	1.0448200120745117e-7
0	0.0	1.0362362902955322e-7	1.0362362902955321e-7
0	0.0	1.0277240085040639e-7	1.027724008504064e-7
0	0.0	1.019282562829467e-7	1.0192825628294671e-7
0	0.0	1.0109113546016198e-7	1.0109113546016197e-7
0	0.0	1.0026097903051096e-7	1.0026097903051099e-7
0	0.0	9.94377281533843e-8	9.94377281533843e-8
0	0.0	9.862132449460659e-8	9.862132449460664e-8
0	0.0	9.781171022197894e-8	9.781171022197896e-8
0	0.0	9.700882800086177e-8	9.700882800086178e-8
0	0.0	9.621262098979829e-8	9.621262098979831e-8
0	0.0	9.542303283617615e-8	9.542303283617615e-8
0	0.0	9.464000767192984e-8	9.464000767192983e-8
0	0.0	9.386349010928059e-8	9.386349010928062e-8
0	0.0	9.309342523651556e-8	9.309342523651555e-8
0	0.0	9.232975861380469e-8	9.23297586138047e-8
0	0.0	9.157243626905532e-8	9.157243626905533e-8
0	0.0	9.082140469380465e-8	9.08214046938046e-8
0	0.0	9.007661083914872e-8	9.007661083914875e-8
0	0.0	8.933800211170857e-8	8.933800211170857e-8
0	0.0	8.86055263696316e-8	8.860552636963159e-8
0	0.0	8.787913191863103e-8	8.787913191863102e-8
0	0.0	8.715876750805918e-8	8.715876750805918e-8
0	0.0	8.644438232701662e-8	8.644438232701662e-8
0	0.0	8.573592600049682e-8	8.573592600049682e-8
0	0.0	8.503334858556508e-8	8.503334858556508e-8
0	0.0	8.433660056757192e-8	8.433660056757194e-8
0	0.0	8.364563285640033e-8	8.364563285640032e-8
0	0.0	8.296039678274717e-8	8.29603967827472e-8
0	0.0	8.228084409443778e-8	8.228084409443775e-8
0	0.0	8.160692695277377e-8	8.160692695277374e-8
0	0.0	8.093859792891318e-8	8.093859792891319e-8
0	0.0	8.027581000028412e-8	8.027581000028412e-8
0	0.0	7.961851654702966e-8	7.961851654702966e-8
0	0.0	7.896667134848475e-8	7.896667134848474e-8
0	0.0	7.832022857968559e-8	7.832022857968559e-8
0	0.0	7.767914280790944e-8	7.767914280790944e-8
0	0.0	7.704336898924574e-8	7.704336898924575e-8
0	0.0	7.641286246519806e-8	7.641286246519809e-8
0	0.0	7.57875789593163e-8	7.578757895931628e-8
0	0.0	7.516747457385914e-8	7.516747457385916e-8
0	0.0	7.455250578648691e-8	7.455250578648691e-8
0	0.0	7.3942629446983e-8	7.394262944698301e-8
0	0.0	7.33378027740058e-8	7.333780277400579e-8
0	0.0	7.273798335186874e-8	7.273798335186875e-8
0	0.0	7.214312912734994e-8	7.214312912734993e-8
0	0.0	7.155319840652955e-8	7.155319840652957e-8
0	0.0	7.096814985165647e-8	7.096814985165648e-8
0	0.0	7.038794247804187e-8	7.038794247804187e-8
0	0.0	6.981253565098135e-8	6.981253565098133e-8
0	0.0	6.924188908270446e-8	6.924188908270444e-8
0	0.0	6.867596282935114e-8	6.867596282935115e-8
0	0.0	6.811471728797563e-8	6.811471728797564e-8
0	0.0	6.755811319357633e-8	6.755811319357632e-8
0	0.0	6.70061116161534e-8	6.700611161615341e-8
9.670244657189827e-5	0.0	6.645867395779139e-8	6.645867395779139e-8
0	0.0	6.591576194976891e-8	6.591576194976894e-8
0	0.0	6.53773376496932e-8	6.537733764969319e-8
0	0.0	6.484336343866105e-8	6.484336343866104e-8
0	0.0	6.43138020184442e-8	6.431380201844421e-8
0	0.0	6.378861640870066e-8	6.378861640870064e-8
0	0.0	6.326776994421049e-8	6.32677699442105e-8
0	0.0	6.275122627213599e-8	6.275122627213598e-8
0	0.0	6.223894934930655e-8	6.223894934930655e-8
0	0.0	6.173090343952774e-8	6.173090343952776e-8
0	0.0	6.122705311091416e-8	6.122705311091415e-8
0	0.0	6.07273632332461e-8	6.072736323324612e-8
0	0.0	6.02317989753499e-8	6.023179897534988e-8
0	0.0	5.97403258025012e-8	5.974032580250119e-8
0	0.0	5.9252909473851514e-8	5.9252909473851514e-8
0	0.0	5.876951603987769e-8	5.876951603987769e-8
0	0.0	5.829011183985431e-8	5.82901118398543e-8
0	0.0	5.781466349934792e-8	5.781466349934793e-8
0	0.0	5.7343137927733945e-8	5.7343137927733945e-8
0	0.0	5.687550231573559e-8	5.687550231573557e-8
0	0.0	5.6411724132984504e-8	5.6411724132984504e-8
0	0.0	5.595177112560319e-8	5.595177112560319e-8
0	0.0	5.5495611313809026e-8	5.549561131380903e-8
0	0.0	5.5043212989539e-8	5.5043212989539e-8
0	0.0	5.4594544714096057e-8	5.459454471409605e-8
0	0.0	5.414957531581612e-8	5.41495753158161e-8
0	0.0	5.370827388775562e-8	5.3708273887755616e-8
0	0.0	5.3270609785399924e-8	5.327060978539993e-8
0	0.0	5.283655262439181e-8	5.2836552624391814e-8
0	0.0	5.2406072278279773e-8	5.2406072278279773e-8
0	0.0	5.1979138876286914e-8	5.19791388762869e-8
0	0.0	5.1555722801099064e-8	5.155572280109905e-8
0	0.0	5.113579468667261e-8	5.113579468667261e-8
0	0.0	5.0719325416062134e-8	5.071932541606214e-8
0	0.0	5.030628611926646e-8	5.030628611926646e-8
0	0.0	4.989664817109451e-8	4.9896648171094495e-8
0	0.0	4.949038318904946e-8	4.9490383189049464e-8
0	0.0	4.908746303123218e-8	4.908746303123217e-8
0	0.0	4.8687859794262646e-8	4.8687859794262646e-8
0	0.0	4.829154581121995e-8	4.829154581121995e-8
0	0.0	4.789849364960081e-8	4.789849364960081e-8
0	0.0	4.750867610929525e-8	4.7508676109295243e-8
0	0.0	4.7122066220581386e-8	4.712206622058138e-8
0	0.0	4.67386372421368e-8	4.6738637242136815e-8
0	0.0	4.6358362659067985e-8	4.635836265906798e-8
0	0.0	4.598121618095715e-8	4.598121618095714e-8
0	0.0	4.560717173992628e-8	4.5607171739926264e-8
0	0.0	4.523620348871794e-8	4.5236203488717944e-8
0	0.0	4.486828579879355e-8	4.4868285798793564e-8
0	0.0	4.4503393258447865e-8	4.450339325844785e-8
0	0.0	4.414150067094049e-8	4.414150067094049e-8
0	0.0	4.3782583052643566e-8	4.3782583052643566e-8
0	0.0	4.3426615631206076e-8	4.342661563120608e-8
0	0.0	4.307357384373407e-8	4.307357384373407e-8
0	0.0	4.272343333498676e-8	4.272343333498676e-8
0	0.0	4.2376169955589013e-8	4.237616995558901e-8
0	0.0	4.203175976025903e-8	4.203175976025902e-8
0	0.0	4.169017900605215e-8	4.169017900605215e-8
0	0.0	4.1351404150619624e-8	4.1351404150619624e-8
0	0.0	4.1015411850482776e-8	4.101541185048279e-8
0	0.0	4.06821789593227e-8	4.0682178959322706e-8
0	0.0	4.0351682526284494e-8	4.035168252628448e-8
0	0.0	4.002389979429687e-8	4.002389979429687e-8
0	0.0	3.96988081984061e-8	3.969880819840611e-8
0	0.0	3.937638536412497e-8	3.9376385364124954e-8
0	0.0	3.905660910579589e-8	3.905660910579589e-8
0	0.0	3.8739457424968576e-8	3.8739457424968557e-8
0	0.0	3.8424908508792e-8	3.8424908508792004e-8
0	0.0	3.811294072842035e-8	3.811294072842034e-8
0	0.0	3.780353263743301e-8	3.780353263743301e-8
0	0.0	3.74966629702684e-8	3.749666297026839e-8
0	0.0	3.719231064067142e-8	3.7192310640671415e-8
0	0.0	3.689045474015498e-8	3.689045474015498e-8
0	0.0	3.659107453647429e-8	3.659107453647428e-8
0	0.0	3.629414947211501e-8	3.6294149472115014e-8
0	0.0	3.5999659162794715e-8	3.5999659162794715e-8
0	0.0	3.570758339597706e-8	3.5707583395977064e-8
0	0.0	3.5417902129399366e-8	3.541790212939936e-8
0	0.0	3.513059548961281e-8	3.513059548961281e-8
0	0.0	3.484564377053568e-8	3.4845643770535676e-8
0	0.0	3.4563027432018986e-8	3.4563027432018986e-8
0	0.0	3.428272709842477e-8	3.428272709842478e-8
0	0.0	3.400472355721699e-8	3.4004723557216985e-8
0	0.0	3.372899775756435e-8	3.3728997757564344e-8
0	0.0	3.345553080895583e-8	3.345553080895583e-8
0	0.0	3.318430397982791e-8	3.3184303979827896e-8
0	0.0	3.291529869620396e-8	3.291529869620397e-8
0	0.0	3.2648496540345625e-8	3.2648496540345625e-8
0	0.0	3.238387924941567e-8	3.238387924941567e-8
0	0.0	3.212142871415295e-8	3.212142871415296e-8
0	0.0	3.186112697755857e-8	3.1861126977558564e-8
0	0.0	3.160295623359363e-8	3.1602956233593616e-8
0	0.0	3.134689882588847e-8	3.134689882588847e-8
0	0.0	3.109293724646298e-8	3.1092937246462986e-8
0	0.0	3.084105413445828e-8	3.084105413445827e-8
0	0.0	3.059123227487913e-8	3.059123227487913e-8
0	0.0	3.0343454597347826e-8	3.034345459734782e-8
0	0.0	3.009770417486838e-8	3.009770417486838e-8
0	0.0	2.985396422260201e-8	2.9853964222602005e-8
0	0.0	2.961221809665278e-8	2.961221809665279e-8
0	0.0	2.937244929286431e-8	2.9372449292864312e-8
0	0.0	2.9134641445626674e-8	2.913464144562667e-8
0	0.0	2.8898778326693658e-8	2.8898778326693668e-8
0	0.0	2.8664843844010616e-8	2.866484384401062e-8
0	0.0	2.843282204055221e-8	2.8432822040552212e-8
0	0.0	2.820269709317034e-8	2.8202697093170342e-8
0	0.0	2.7974453311452322e-8	2.797445331145232e-8
0	0.0	2.7748075136588707e-8	2.7748075136588707e-8
0	0.0	2.7523547140251074e-8	2.752354714025107e-8
0	0.0	2.7300854023479628e-8	2.7300854023479618e-8
0	0.0	2.7079980615580422e-8	2.707998061558042e-8
0	0.0	2.6860911873032107e-8	2.6860911873032107e-8
0	0.0	2.6643632878402338e-8	2.664363287840234e-8
0	0.0	2.6428128839273392e-8	2.6428128839273386e-8
0	0.0	2.6214385087177345e-8	2.6214385087177345e-8
0	0.0	2.6002387076540314e-8	2.6002387076540314e-8
0	0.0	2.579212038363589e-8	2.5792120383635888e-8
0	0.0	2.5583570705547867e-8	2.5583570705547864e-8
0	0.0	2.5376723859141578e-8	2.5376723859141585e-8
0	0.0	2.517156578004469e-8	2.5171565780044687e-8
0	0.0	2.4968082521636233e-8	2.4968082521636223e-8
0	0.0	2.4766260254044952e-8	2.4766260254044952e-8
0	0.0	2.456608526315598e-8	2.456608526315599e-8
0	0.0	2.4367543949626266e-8	2.4367543949626266e-8
0	0.0	2.4170622827908615e-8	2.4170622827908608e-8
0	0.0	2.397530852528402e-8	2.3975308525284018e-8
0	0.0	2.3781587780902443e-8	2.3781587780902436e-8
0	0.0	2.3589447444831946e-8	2.3589447444831942e-8
0	0.0	2.3398874477116113e-8	2.3398874477116113e-8
0	0.0	2.3209855946839456e-8	2.320985594683945e-8
0	0.0	2.302237903120104e-8	2.3022379031201042e-8
0	0.0	2.2836431014596176e-8	2.283643101459618e-8
0	0.0	2.2651999287705874e-8	2.2651999287705877e-8
0	0.0	2.2469071346594444e-8	2.246907134659444e-8
0	0.0	2.228763479181462e-8	2.2287634791814628e-8
0	0.0	2.210767732752068e-8	2.210767732752068e-8
0	0.0	2.192918676058905e-8	2.1929186760589047e-8
0	0.0	2.1752150999746565e-8	2.1752150999746565e-8
0	0.0	2.1576558054706384e-8	2.157655805470638e-8
0	0.0	2.140239603531114e-8	2.140239603531114e-8
0	0.0	2.1229653150683784e-8	2.1229653150683784e-8
0	0.0	2.105831770838549e-8	2.1058317708385493e-8
0	0.0	2.0888378113581003e-8	2.0888378113581e-8
0	0.0	2.0719822868211182e-8	2.0719822868211175e-8
0	0.0	2.055264057017256e-8	2.0552640570172562e-8
0	0.0	2.0386819912504244e-8	2.038681991250424e-8
0	0.0	2.0222349682581566e-8	2.0222349682581566e-8
0	0.0	2.005921876131682e-8	2.005921876131682e-8
0	0.0	1.9897416122366882e-8	1.9897416122366882e-8
0	0.0	1.973693083134769e-8	1.973693083134769e-8
0	0.0	1.9577752045055445e-8	1.9577752045055438e-8
0	0.0	1.9419869010694564e-8	1.941986901069457e-8
0	0.0	1.9263271065112318e-8	1.926327106511232e-8
0	0.0	1.9107947634040015e-8	1.910794763404002e-8
0	0.0	1.895388823134071e-8	1.895388823134071e-8
0	0.0	1.8801082458263473e-8	1.8801082458263473e-8
0	0.0	1.864952000270399e-8	1.864952000270399e-8
0	0.0	1.8499190638471684e-8	1.8499190638471688e-8
0	0.0	1.835008422456296e-8	1.8350084224562955e-8
0	0.0	1.8202190704440808e-8	1.8202190704440805e-8
0	0.0	1.8055500105320562e-8	1.8055500105320562e-8
0	0.0	1.7910002537461986e-8	1.791000253746199e-8
0	0.0	1.7765688193467167e-8	1.7765688193467164e-8
0	0.0	1.7622547347584618e-8	1.7622547347584608e-8
0	0.0	1.7480570355019382e-8	1.7480570355019382e-8
0	0.0	1.7339747651248998e-8	1.7339747651248998e-8
0	0.0	1.7200069751345376e-8	1.7200069751345373e-8
0	0.0	1.706152724930257e-8	1.7061527249302567e-8
0	0.0	1.6924110817370127e-8	1.6924110817370123e-8
0	0.0	1.678781120539251e-8	1.6787811205392507e-8
0	0.0	1.6652619240153783e-8	1.665261924015378e-8
0	0.0	1.651852582472828e-8	1.6518525824728285e-8
0	0.0	1.638552193783669e-8	1.6385521937836694e-8
0	0.0	1.6253598633207608e-8	1.625359863320761e-8
0	0.0	1.6122747038944785e-8	1.6122747038944782e-8
0	0.0	1.5992958356899535e-8	1.5992958356899535e-8
0	0.0	1.586422386204884e-8	1.5864223862048847e-8
0	0.0	1.5736534901878434e-8	1.5736534901878434e-8
0	0.0	1.5609882895771545e-8	1.5609882895771545e-8
0	0.0	1.5484259334402623e-8	1.548425933440262e-8
0	0.0	1.5359655779136327e-8	1.535965577913633e-8
0	0.0	1.523606386143178e-8	1.5236063861431785e-8
0	0.0	1.5113475282251793e-8	1.5113475282251793e-8
0	0.0	1.4991881811477182e-8	1.4991881811477192e-8
0	0.0	1.4871275287326268e-8	1.4871275287326268e-8
0	0.0	1.4751647615778959e-8	1.4751647615778962e-8
0	0.0	1.4632990770006312e-8	1.4632990770006313e-8
0	0.0	1.4515296789804522e-8	1.4515296789804522e-8
0	0.0	1.4398557781033956e-8	1.4398557781033955e-8
0	0.0	1.428276591506299e-8	1.428276591506299e-8
0	0.0	1.4167913428216564e-8	1.4167913428216567e-8
0	0.0	1.4053992621229527e-8	1.4053992621229527e-8
0	0.0	1.3940995858704546e-8	1.3940995858704546e-8
0	0.0	1.3828915568574742e-8	1.3828915568574744e-8
0	0.0	1.3717744241570953e-8	1.3717744241570955e-8
0	0.0	1.3607474430693443e-8	1.3607474430693443e-8
0	0.0	1.3498098750688198e-8	1.3498098750688201e-8
0	0.0	1.3389609877527767e-8	1.3389609877527765e-8
0	0.0	1.3282000547896402e-8	1.3282000547896402e-8
0	0.0	1.3175263558679644e-8	1.3175263558679644e-8
0	0.0	1.3069391766458376e-8	1.306939176645837e-8
0	0.0	1.2964378087007071e-8	1.2964378087007071e-8
0	0.0	1.2860215494796375e-8	1.2860215494796379e-8
0	0.0	1.2756897022499999e-8	1.2756897022499999e-8
0	0.0	1.2654415760505682e-8	1.2654415760505682e-8
0	0.0	1.2552764856430453e-8	1.2552764856430451e-8
0	0.0	1.2451937514640008e-8	1.2451937514640006e-8
0	0.0	1.2351926995772158e-8	1.235192699577216e-8
0	0.0	1.2252726616264399e-8	1.2252726616264394e-8
0	0.0	1.2154329747885391e-8	1.2154329747885391e-8
0	0.0	1.2056729817270653e-8	1.2056729817270651e-8
0	0.0	1.1959920305461942e-8	1.195992030546194e-8
0	0.0	1.1863894747450838e-8	1.1863894747450838e-8
0	0.0	1.176864673172603e-8	1.1768646731726032e-8
0	0.0	1.1674169899824491e-8	1.1674169899824491e-8
0	0.0	1.158045794588661e-8	1.1580457945886608e-8
0	0.0	1.1487504616214905e-8	1.1487504616214906e-8
0	0.0	1.1395303708836735e-8	1.1395303708836732e-8
0	0.0	1.1303849073070505e-8	1.1303849073070508e-8
0	0.0	1.1213134609095758e-8	1.1213134609095758e-8
0	0.0	1.1123154267526794e-8	1.1123154267526796e-8
0	0.0	1.1033902048989995e-8	1.1033902048989995e-8
0	0.0	1.0945372003704786e-8	1.0945372003704784e-8
0	0.0	1.0857558231067984e-8	1.0857558231067984e-8
0	0.0	1.0770454879241938e-8	1.0770454879241935e-8
0	0.0	1.0684056144745961e-8	1.068405614474596e-8
0	0.0	1.059835627205139e-8	1.059835627205139e-8
0	0.0	1.0513349553179974e-8	1.0513349553179978e-8
0	0.0	1.0429030327305771e-8	1.042903032730577e-8
0	0.0	1.034539298036037e-8	1.0345392980360372e-8
0	0.0	1.0262431944641492e-8	1.0262431944641493e-8
0	0.0	1.018014169842494e-8	1.0180141698424939e-8
0	0.0	1.0098516765579813e-8	1.0098516765579813e-8
0	0.0	1.0017551715187013e-8	1.0017551715187011e-8
0	0.0	9.937241161160997e-9	9.937241161161e-9
0	0.0	9.85757976187473e-9	9.857579761874729e-9
0	0.0	9.778562219787789e-9	9.778562219787792e-9
0	0.0	9.700183281077755e-9	9.700183281077757e-9
0	0.0	9.622437735274603e-9	9.622437735274603e-9
0	0.0	9.545320414898178e-9	9.54532041489818e-9
0	0.0	9.468826195098948e-9	9.468826195098946e-9
0	0.0	9.39294999330157e-9	9.392949993301568e-9
0	0.0	9.3176867688516e-9	9.3176867688516e-9
0	0.0	9.243031522665232e-9	9.243031522665234e-9
0	0.0	9.168979296881937e-9	9.168979296881937e-9
0	0.0	9.095525174520046e-9	9.095525174520046e-9
0	0.0	9.022664279135343e-9	9.022664279135346e-9
0	0.0	8.950391774482457e-9	8.950391774482456e-9
9.670244657189827e-5	0.0	8.878702864179176e-9	8.878702864179176e-9
0	0.0	8.80759279137359e-9	8.807592791373588e-9
0	0.0	8.737056838414068e-9	8.73705683841407e-9
0	0.0	8.667090326522034e-9	8.667090326522032e-9
0	0.0	8.597688615467495e-9	8.597688615467497e-9
0	0.0	8.528847103247346e-9	8.528847103247348e-9
0	0.0	8.460561225766391e-9	8.46056122576639e-9
0	0.0	8.39282645652102e-9	8.392826456521018e-9
0	0.0	8.32563830628566e-9	8.325638306285661e-9
0	0.0	8.258992322801815e-9	8.258992322801815e-9
0	0.0	8.192884090469755e-9	8.192884090469756e-9
0	0.0	8.127309230042798e-9	8.127309230042796e-9
0	0.0	8.062263398324188e-9	8.06226339832419e-9
0	0.0	7.997742287866617e-9	7.997742287866614e-9
0	0.0	7.933741626674112e-9	7.933741626674114e-9
0	0.0	7.87025717790665e-9	7.870257177906652e-9
0	0.0	7.807284739587114e-9	7.807284739587112e-9
0	0.0	7.74482014431079e-9	7.74482014431079e-9
0	0.0	7.682859258957363e-9	7.682859258957361e-9
0	0.0	7.621397984405259e-9	7.621397984405259e-9
0	0.0	7.560432255248465e-9	7.560432255248463e-9
0	0.0	7.499958039515716e-9	7.499958039515714e-9
0	0.0	7.439971338392074e-9	7.4399713383920735e-9
0	0.0	7.3804681859428464e-9	7.380468185942848e-9
0	0.0	7.321444648839853e-9	7.321444648839852e-9
0	0.0	7.262896826089969e-9	7.26289682608997e-9
0	0.0	7.204820848766015e-9	7.204820848766015e-9
0	0.0	7.147212879739864e-9	7.147212879739862e-9
0	0.0	7.090069113417837e-9	7.090069113417836e-9
0	0.0	7.033385775478336e-9	7.033385775478335e-9
0	0.0	6.977159122611676e-9	6.977159122611675e-9
0	0.0	6.9213854422621026e-9	6.921385442262102e-9
0	0.0	6.866061052372031e-9	6.866061052372032e-9
0	0.0	6.811182301128393e-9	6.811182301128393e-9
0	0.0	6.756745566711153e-9	6.756745566711154e-9
0	0.0	6.70274725704393e-9	6.702747257043929e-9
0	0.0	6.649183809546747e-9	6.649183809546748e-9
0	0.0	6.5960516908908355e-9	6.5960516908908355e-9
0	0.0	6.543347396755525e-9	6.543347396755526e-9
0	0.0	6.491067451587175e-9	6.491067451587176e-9
0	0.0	6.439208408360176e-9	6.439208408360176e-9
0	0.0	6.387766848339875e-9	6.387766848339875e-9
0	0.0	6.336739380847607e-9	6.336739380847605e-9
0	0.0	6.286122643027634e-9	6.286122643027632e-9
0	0.0	6.235913299616068e-9	6.2359132996160675e-9
0	0.0	6.186108042711726e-9	6.186108042711726e-9
0	0.0	6.13670359154898e-9	6.136703591548979e-9
0	0.0	6.087696692272436e-9	6.087696692272434e-9
0	0.0	6.039084117713534e-9	6.039084117713533e-9
0	0.0	5.990862667169062e-9	5.990862667169062e-9
0	0.0	5.943029166181498e-9	5.943029166181497e-9
0	0.0	5.895580466321238e-9	5.895580466321237e-9
0	0.0	5.848513444970608e-9	5.848513444970609e-9
0	0.0	5.801825005109723e-9	5.801825005109725e-9
0	0.0	5.75551207510417e-9	5.755512075104171e-9
0	0.0	5.709571608494395e-9	5.709571608494395e-9
0	0.0	5.664000583786997e-9	5.664000583786996e-9
0	0.0	5.6187960042476205e-9	5.618796004247622e-9
0	0.0	5.573954897695701e-9	5.573954897695703e-9
0	0.0	5.529474316300908e-9	5.529474316300906e-9
0	0.0	5.485351336381277e-9	5.485351336381277e-9
0	0.0	5.441583058203058e-9	5.441583058203057e-9
0	0.0	5.398166605782236e-9	5.398166605782235e-9
0	0.0	5.355099126687736e-9	5.355099126687735e-9
0	0.0	5.312377791846275e-9	5.312377791846275e-9
0	0.0	5.269999795348829e-9	5.269999795348827e-9
0	0.0	5.227962354258744e-9	5.2279623542587445e-9
0	0.0	5.186262708421475e-9	5.186262708421475e-9
0	0.0	5.1448981202759146e-9	5.144898120275916e-9
0	0.0	5.103865874667266e-9	5.103865874667266e-9
0	0.0	5.063163278661544e-9	5.063163278661545e-9
0	0.0	5.022787661361592e-9	5.022787661361593e-9
0	0.0	4.982736373724677e-9	4.982736373724676e-9
0	0.0	4.943006788381578e-9	4.943006788381579e-9
0	0.0	4.903596299457227e-9	4.9035962994572255e-9
0	0.0	4.864502322392818e-9	4.8645023223928175e-9
0	0.0	4.825722293769458e-9	4.825722293769457e-9
0	0.0	4.787253671133233e-9	4.787253671133236e-9
0	0.0	4.7490939328218064e-9	4.749093932821807e-9
0	0.0	4.711240577792408e-9	4.711240577792407e-9
0	0.0	4.673691125451332e-9	4.673691125451333e-9
0	0.0	4.636443115484815e-9	4.636443115484815e-9
0	0.0	4.599494107691333e-9	4.599494107691332e-9
0	0.0	4.562841681815333e-9	4.562841681815333e-9
0	0.0	4.526483437382327e-9	4.526483437382327e-9
0	0.0	4.490416993535398e-9	4.490416993535398e-9
0	0.0	4.4546399888730404e-9	4.454639988873041e-9
0	0.0	4.4191500812883974e-9	4.419150081288399e-9
0	0.0	4.383944947809811e-9	4.383944947809812e-9
0	0.0	4.349022284442719e-9	4.349022284442721e-9
0	0.0	4.314379806012888e-9	4.314379806012889e-9
0	0.0	4.280015246010932e-9	4.2800152460109314e-9
0	0.0	4.245926356438166e-9	4.245926356438166e-9
0	0.0	4.212110907653714e-9	4.212110907653715e-9
0	0.0	4.178566688222931e-9	4.178566688222931e-9
0	0.0	4.145291504767062e-9	4.145291504767062e-9
0	0.0	4.1122831818141745e-9	4.112283181814174e-9
0	0.0	4.079539561651348e-9	4.079539561651347e-9
0	0.0	4.047058504178078e-9	4.047058504178077e-9
0	0.0	4.014837886760908e-9	4.014837886760908e-9
0	0.0	3.982875604089306e-9	3.982875604089307e-9
0	0.0	3.951169568032701e-9	3.9511695680327e-9
9.670244657189827e-5	0.0	3.919717707498752e-9	3.919717707498753e-9
0	0.0	3.888517968292786e-9	3.888517968292785e-9
0	0.0	3.85756831297841e-9	3.8575683129784094e-9
0	0.0	3.826866720739284e-9	3.826866720739284e-9
0	0.0	3.7964111872420585e-9	3.796411187242058e-9
0	0.0	3.766199724500462e-9	3.766199724500464e-9
0	0.0	3.736230360740504e-9	3.7362303607405045e-9
0	0.0	3.7065011402668117e-9	3.70650114026681e-9
0	0.0	3.677010123330094e-9	3.6770101233300935e-9
0	0.0	3.6477553859957003e-9	3.6477553859957003e-9
0	0.0	3.6187350200132754e-9	3.618735020013276e-9
0	0.0	3.5899471326875167e-9	3.589947132687517e-9
0	0.0	3.5613898467499873e-9	3.561389846749987e-9
0	0.0	3.533061300232027e-9	3.533061300232028e-9
0	0.0	3.5049596463386866e-9	3.504959646338686e-9
0	0.0	3.4770830533237605e-9	3.4770830533237597e-9
0	0.0	3.4494297043658213e-9	3.4494297043658217e-9
0	0.0	3.421997797445305e-9	3.4219977974453045e-9
0	0.0	3.39478554522262e-9	3.3947855452226203e-9
0	0.0	3.3677911749172827e-9	3.3677911749172836e-9
0	0.0	3.341012928188044e-9	3.3410129281880454e-9
0	0.0	3.3144490610140153e-9	3.3144490610140157e-9
0	0.0	3.2880978435768015e-9	3.2880978435768023e-9
0	0.0	3.2619575601436052e-9	3.2619575601436056e-9
0	0.0	3.2360265089512967e-9	3.2360265089512967e-9
0	0.0	3.2103030020914837e-9	3.210303002091483e-9
0	0.0	3.184785365396486e-9	3.184785365396486e-9
0	0.0	3.1594719383263134e-9	3.1594719383263134e-9
0	0.0	3.134361073856539e-9	3.134361073856539e-9
0	0.0	3.1094511383671463e-9	3.109451138367146e-9
0	0.0	3.0847405115322787e-9	3.084740511532279e-9
0	0.0	3.060227586210904e-9	3.060227586210904e-9
0	0.0	3.0359107683383923e-9	3.035910768338393e-9
0	0.0	3.0117884768190325e-9	3.0117884768190325e-9
0	0.0	2.9878591434193748e-9	2.9878591434193744e-9
0	0.0	2.964121212662516e-9	2.9641212126625162e-9
0	0.0	2.9405731417232458e-9	2.9405731417232458e-9
0	0.0	2.9172134003240595e-9	2.917213400324059e-9
0	0.0	2.8940404706320565e-9	2.8940404706320556e-9
0	0.0	2.871052847156663e-9	2.8710528471566626e-9
0	0.0	2.8482490366482433e-9	2.8482490366482437e-9
0	0.0	2.8256275579975196e-9	2.825627557997519e-9
0	0.0	2.803186942135861e-9	2.8031869421358615e-9
0	0.0	2.7809257319363633e-9	2.780925731936363e-9
0	0.0	2.758842482115792e-9	2.758842482115793e-9
0	0.0	2.7369357591373205e-9	2.7369357591373205e-9
0	0.0	2.7152041411140553e-9	2.7152041411140553e-9
0	0.0	2.693646217713415e-9	2.6936462177134145e-9
0	0.0	2.6722605900622528e-9	2.6722605900622523e-9
0	0.0	2.651045870652796e-9	2.651045870652796e-9
0	0.0	2.6300006832493552e-9	2.6300006832493544e-9
0	0.0	2.6091236627958162e-9	2.6091236627958162e-9
0	0.0	2.5884134553238895e-9	2.5884134553238895e-9
0	0.0	2.5678687178621424e-9	2.5678687178621424e-9
0	0.0	2.5474881183457527e-9	2.547488118345753e-9
0	0.0	2.527270335527057e-9	2.527270335527057e-9
0	0.0	2.507214058886788e-9	2.507214058886788e-9
0	0.0	2.4873179885460977e-9	2.4873179885460977e-9
0	0.0	2.4675808351792814e-9	2.467580835179282e-9
0	0.0	2.44800131992723e-9	2.44800131992723e-9
0	0.0	2.4285781743116167e-9	2.4285781743116163e-9
0	0.0	2.4093101401497698e-9	2.40931014014977e-9
0	0.0	2.3901959694702792e-9	2.3901959694702797e-9
0	0.0	2.3712344244292798e-9	2.3712344244292798e-9
0	0.0	2.3524242772274424e-9	2.352424277227442e-9
0	0.0	2.333764310027647e-9	2.333764310027647e-9
0	0.0	2.3152533148733465e-9	2.3152533148733465e-9
0	0.0	2.2968900936075957e-9	2.296890093607596e-9
0	0.0	2.2786734577927567e-9	2.2786734577927567e-9
0	0.0	2.2606022286308792e-9	2.260602228630879e-9
0	0.0	2.2426752368847293e-9	2.2426752368847285e-9
0	0.0	2.2248913227994636e-9	2.224891322799464e-9
0	0.0	2.207249336024986e-9	2.2072493360249866e-9
0	0.0	2.1897481355389064e-9	2.189748135538907e-9
0	0.0	2.172386589570171e-9	2.1723865895701714e-9
0	0.0	2.155163575523309e-9	2.1551635755233085e-9
0	0.0	2.1380779799032966e-9	2.1380779799032958e-9
0	0.0	2.1211286982410783e-9	2.1211286982410775e-9
0	0.0	2.104314635019664e-9	2.1043146350196648e-9
0	0.0	2.087634703600867e-9	2.0876347036008665e-9
0	0.0	2.071087826152634e-9	2.0710878261526347e-9
0	0.0	2.054672933576983e-9	2.0546729335769832e-9
0	0.0	2.038388965438532e-9	2.038388965438532e-9
0	0.0	2.0222348698936274e-9	2.0222348698936282e-9
0	0.0	2.0062096036200523e-9	2.0062096036200527e-9
0	0.0	1.990312131747314e-9	1.990312131747314e-9
0	0.0	1.974541427787522e-9	1.974541427787522e-9
0	0.0	1.958896473566815e-9	1.958896473566815e-9
0	0.0	1.943376259157384e-9	1.9433762591573836e-9
0	0.0	1.927979782810032e-9	1.9279797828100323e-9
0	0.0	1.912706050887303e-9	1.912706050887303e-9
0	0.0	1.8975540777971575e-9	1.897554077797158e-9
0	0.0	1.8825228859272175e-9	1.882522885927217e-9
0	0.0	1.867611505579519e-9	1.867611505579519e-9
0	0.0	1.8528189749058324e-9	1.8528189749058328e-9
0	0.0	1.8381443398435147e-9	1.8381443398435151e-9
0	0.0	1.8235866540518781e-9	1.8235866540518781e-9
0	0.0	1.8091449788490885e-9	1.8091449788490885e-9
0	0.0	1.7948183831496019e-9	1.794818383149602e-9
0	0.0	1.7806059434020888e-9	1.7806059434020886e-9
0	0.0	1.7665067435279068e-9	1.766506743527907e-9
0	0.0	1.7525198748600423e-9	1.752519874860042e-9
0	0.0	1.7386444360825862e-9	1.7386444360825858e-9
0	0.0	1.7248795331706963e-9	1.7248795331706965e-9
0	0.0	1.7112242793310622e-9	1.7112242793310626e-9
0	0.0	1.6976777949428572e-9	1.697677794942857e-9
0	0.0	1.6842392074991728e-9	1.6842392074991728e-9
0	0.0	1.6709076515489472e-9	1.670907651548947e-9
0	0.0	1.6576822686393683e-9	1.657682268639368e-9
0	0.0	1.6445622072587473e-9	1.6445622072587473e-9
0	0.0	1.6315466227798753e-9	1.6315466227798755e-9
0	0.0	1.6186346774038332e-9	1.618634677403833e-9
0	0.0	1.6058255401042763e-9	1.6058255401042767e-9
0	0.0	1.5931183865721719e-9	1.5931183865721719e-9
0	0.0	1.5805123991609987e-9	1.5805123991609987e-9
0	0.0	1.5680067668323887e-9	1.5680067668323887e-9
0	0.0	1.555600685102227e-9	1.555600685102227e-9
0	0.0	1.5432933559871955e-9	1.5432933559871957e-9
0	0.0	1.5310839879517511e-9	1.531083987951751e-9
0	0.0	1.5189717958555324e-9	1.518971795855532e-9
0	0.0	1.506956000901237e-9	1.5069560009012372e-9
0	0.0	1.4950358305828826e-9	1.4950358305828826e-9
0	0.0	1.4832105186345173e-9	1.4832105186345175e-9
0	0.0	1.4714793049793549e-9	1.4714793049793549e-9
0	0.0	1.4598414356793263e-9	1.459841435679326e-9
0	0.0	1.448296162885039e-9	1.4482961628850392e-9
0	0.0	1.4368427447861555e-9	1.4368427447861553e-9
0	0.0	1.4254804455621872e-9	1.4254804455621872e-9
0	0.0	1.4142085353336669e-9	1.414208535333667e-9
0	0.0	1.403026290113767e-9	1.4030262901137668e-9
0	0.0	1.391932991760273e-9	1.3919329917602733e-9
0	0.0	1.3809279279279806e-9	1.38092792792798e-9
0	0.0	1.3700103920214646e-9	1.3700103920214644e-9
0	0.0	1.3591796831482602e-9	1.3591796831482605e-9
0	0.0	1.3484351060724115e-9	1.3484351060724115e-9
0	0.0	1.3377759711683971e-9	1.3377759711683973e-9
0	0.0	1.3272015943754618e-9	1.3272015943754614e-9
0	0.0	1.3167112971522906e-9	1.316711297152291e-9
0	0.0	1.3063044064320906e-9	1.3063044064320904e-9
0	0.0	1.2959802545780025e-9	1.2959802545780025e-9
0	0.0	1.2857381793389223e-9	1.2857381793389227e-9
0	0.0	1.2755775238056501e-9	1.2755775238056497e-9
0	0.0	1.2654976363674153e-9	1.2654976363674155e-9
0	0.0	1.2554978706687663e-9	1.2554978706687663e-9
0	0.0	1.2455775855667964e-9	1.2455775855667966e-9
0	0.0	1.2357361450887383e-9	1.2357361450887379e-9
0	0.0	1.225972918389898e-9	1.2259729183898977e-9
0	0.0	1.216287279711936e-9	1.2162872797119358e-9
0	0.0	1.206678608341493e-9	1.2066786083414932e-9
0	0.0	1.1971462885691541e-9	1.197146288569154e-9
0	0.0	1.187689709648755e-9	1.1876897096487547e-9
0	0.0	1.178308265757009e-9	1.1783082657570087e-9
0	0.0	1.1690013559534863e-9	1.169001355953486e-9
9.670244657189827e-5	0.0	1.1597683841409065e-9	1.1597683841409065e-9
