Plasmid_34	Plasmid_34_contaminant	Plasmid_34_expression	Plasmid_34_mixture
0.8491441833478387	0.8412541885258332	0.00029236643260017954	0.8415465549584333
0.08045643554781937	0.09449986804121284	0.00037072345089727134	0.0948705914921101
0.012087805821487283	0.005307685347430761	0.00040198464183902993	0.005709669989269791
0.003191180736872643	0.00019874118579047583	0.0004210122368450526	0.0006197534226355285
0.0011604293588627793	5.581254776414527e-6	0.00043433403024589436	0.00043991528502230896
0.00048351223285949136	1.2539083836237336e-7	0.00044416209694287274	0.0004442874877812352
0.00019340489314379654	2.3475698230173824e-9	0.00045159244459230845	0.0004515947921621315
0.00019340489314379654	3.767249992731938e-11	0.00045726484030762587	0.00045726487798012575
0.00019340489314379654	5.289789816905262e-13	0.000461589374029605	0.000461589374558584
0.00048351223285949136	6.6023701606139105e-15	0.00046484637737768573	0.000464846377384288
9.670244657189827e-5	7.416582496077478e-17	0.0004672368404330402	0.00046723684043311454
0.0002901073397156948	7.57382226286174e-19	0.00046891028724087796	0.0004689102872408787
0.00019340489314379654	7.08986271301891e-21	0.00046998128142829664	0.0004699812814282967
0.00019340489314379654	6.126302480170957e-23	0.0004705397396379941	0.000470539739637994
9.670244657189827e-5	4.915575406450179e-25	0.00047065766253552837	0.00047065766253552837
0.00019340489314379654	3.681180104594182e-27	0.0004703936889377952	0.00047039368893779537
9.670244657189827e-5	2.5844673261722334e-29	0.000469796272070885	0.0004697962720708849
0.0003868097862875931	1.7077570511160418e-31	0.00046890595308683904	0.0004689059530868392
0.00019340489314379654	1.065755406749131e-33	0.000467757025372582	0.00046775702537258203
0.0002901073397156948	6.300977171045253e-36	0.0004663787770492186	0.0004663787770492187
0.0002901073397156948	3.5390106778421474e-38	0.0004647964347684843	0.00046479643476848447
0.0002901073397156948	1.893069422921038e-40	0.0004630318917341367	0.0004630318917341367
9.670244657189827e-5	9.666022961414656e-43	0.00046110427706675875	0.00046110427706675907
9.670244657189827e-5	4.720890736689826e-45	0.00045903040664232656	0.0004590304066423266
0.00019340489314379654	2.2096153068191287e-47	0.0004568251441065218	0.00045682514410652175
0	9.928431038526216e-50	0.00045450169292631686	0.0004545016929263168
0.0002901073397156948	4.2895450982315255e-52	0.0004520718348650183	0.0004520718348650181
9.670244657189827e-5	1.7846433437148357e-54	0.0004495461263811102	0.00044954612638111027
0.0003868097862875931	7.159741914510284e-57	0.0004469340616524658	0.00044693406165246575
0.00019340489314379654	2.7733413841425353e-59	0.0004442442088842466	0.00044424420888424654
0.0003868097862875931	1.0384510746348027e-61	0.0004414843250484606	0.00044148432504846066
9.670244657189827e-5	3.762948796349097e-64	0.0004386614530737841	0.00043866145307378413
0.0002901073397156948	1.320937571362797e-66	0.0004357820046507287	0.0004357820046507286
9.670244657189827e-5	4.496476371756277e-69	0.00043285183116576967	0.00043285183116576967
0.0003868097862875931	1.485584505418453e-71	0.0004298762847761883	0.00042987628477618824
0.0003868097862875931	4.767967420919524e-74	0.0004268602712474231	0.00042686027124742306
0.0006769171260032879	1.4877663818538693e-76	0.00042380829586927273	0.00042380829586927273
0.00019340489314379654	4.5168636362665723e-79	0.00042072450352620194	0.000420724503526202
9.670244657189827e-5	1.3352338855898244e-81	0.0004176127138053666	0.0004176127138053664
0.0002901073397156948	3.8458886046206326e-84	0.0004144764518726083	0.0004144764518726082
0.0006769171260032879	1.0800420687197968e-86	0.0004113189757231693	0.0004113189757231692
0.0002901073397156948	2.9591077391138846e-89	0.00040814330031381415	0.00040814330031381415
0.0002901073397156948	7.914353600454665e-92	0.00040495221900152637	0.0004049522190015263
0.00019340489314379654	2.0675258913539588e-94	0.000401748322647164	0.00040174832264716414
0.0003868097862875931	5.278399327878282e-97	0.0003985340166874833	0.00039853401668748335
0.0003868097862875931	1.3176306592301128e-99	0.0003953115364334447	0.00039531153643344467
0.00019340489314379654	3.2176575611132073e-102	0.0003920829608149196	0.00039208296081491963
0.0005802146794313896	7.69034683695965e-105	0.00038885022476034395	0.000388850224760344
0.0003868097862875931	1.7997353712965817e-107	0.0003856151303734175	0.0003856151303734176
0.0002901073397156948	4.1258794507771995e-110	0.00038237935704667165	0.0003823793570466716
0.00019340489314379654	9.269375866897669e-113	0.00037914447063291685	0.0003791444706329168
0.0002901073397156948	2.041664038573138e-115	0.0003759119317796253	0.00037591193177962523
0.0006769171260032879	4.410470262075266e-118	0.0003726831035177247	0.0003726831035177247
0.00019340489314379654	9.347877038618622e-121	0.000369459258184689	0.00036945925818468895
0.0005802146794313896	1.9445682645594886e-123	0.00036624158375187654	0.0003662415837518765
0.0005802146794313896	3.971590532853749e-126	0.00036303118961753623	0.0003630311896175362
0.0006769171260032879	7.966735568058933e-129	0.0003598291119195441	0.00035982911191954426
0	1.5700356330731012e-131	0.0003566363184155786	0.0003566363184155785
0.0002901073397156948	3.0407833465027073e-134	0.00035345371297292917	0.0003534537129729291
0.0006769171260032879	5.7894516186995985e-137	0.0003502821397053509	0.0003502821397053509
0.0005802146794313896	1.083902308125621e-139	0.00034712238679019807	0.00034712238679019796
0.00019340489314379654	1.996017150608314e-142	0.0003439751899954314	0.00034397518999543133
0.0002901073397156948	3.616400674925926e-145	0.0003408412359429034	0.00034084123594290333
0.0005802146794313896	6.448221609499419e-148	0.00033772116513152215	0.0003377211651315221
0.0005802146794313896	1.1317850246494644e-150	0.00033461557474143714	0.00033461557474143714
0.0002901073397156948	1.9559355897818123e-153	0.0003315250212382162	0.0003315250212382163
0.0007736195725751862	3.329005985898931e-156	0.0003284500227940692	0.00032845002279406914
0.0003868097862875931	5.58140755465321e-159	0.0003253910615414727	0.0003253910615414727
0.0006769171260032879	9.220166966405823e-162	0.00032234858567305283	0.00032234858567305283
0.0005802146794313896	1.5010448108180508e-164	0.00031932301140023903	0.00031932301140023903
0.00048351223285949136	2.408793552038577e-167	0.0003163147247820154	0.00031631472478201543
0.00019340489314379654	3.811054801152951e-170	0.0003133240834340384	0.0003133240834340383
0.0006769171260032879	5.9458871170984906e-173	0.0003103514181274341	0.000310351418127434
0.0006769171260032879	9.149508443130926e-176	0.00030739703428574834	0.0003073970342857482
0.00048351223285949136	1.38889688866996e-178	0.00030446121338775805	0.0003044612133877579
0.0002901073397156948	2.0802364611051104e-181	0.00030154421428317275	0.00030154421428317264
0.0007736195725751862	3.0747023118046103e-184	0.0002986462744276396	0.00029864627442763953
0.0002901073397156948	4.48555629672417e-187	0.00029576761104291495	0.00029576761104291484
0.00019340489314379654	6.459898162086936e-190	0.000292908422207567	0.000292908422207567
0.0002901073397156948	9.185494527900094e-193	0.00029006888788312476	0.0002900688878831247
0.0005802146794313896	1.2897826135952516e-195	0.0002872491708801797	0.00028724917088017974
9.670244657189827e-5	1.7886915772186552e-198	0.00028444941776858377	0.0002844494177685837
0.0002901073397156948	2.450335612995797e-201	0.0002816697597355465	0.00028166975973554657
0.0005802146794313896	3.316281912489561e-204	0.00027891031339513737	0.0002789103133951372
0.00019340489314379654	4.434821238055692e-207	0.0002761711815524195	0.0002761711815524196
0.0006769171260032879	5.860857409983804e-210	0.00027345245392519494	0.000273452453925195
0.00048351223285949136	7.655378475873945e-213	0.00027075420782610583	0.0002707542078261058
0.0002901073397156948	9.884424230146934e-216	0.0002680765088076371	0.00026807650880763715
0.0007736195725751862	1.2617481220199925e-218	0.0002654194112723689	0.0002654194112723689
9.670244657189827e-5	1.5925263351698091e-221	0.0002627829590506544	0.00026278295905065446
0.0003868097862875931	1.987687359848325e-224	0.000260167185947742	0.00026016718594774196
0.00019340489314379654	2.4536388876317047e-227	0.0002575721162622125	0.00025757211626221255
0.00019340489314379654	2.9958963324527377e-230	0.0002549977652774697	0.0002549977652774698
0.0002901073397156948	3.6186601287095714e-233	0.0002524441397278973	0.0002524441397278974
0.0003868097862875931	4.324380538683828e-236	0.0002499112382411871	0.00024991123824118705
0.00019340489314379654	5.113335176271465e-239	0.0002473990517582339	0.0002473990517582339
0.0003868097862875931	5.9832478151720315e-242	0.0002449075639319018	0.0002449075639319018
0.0003868097862875931	6.928978585961232e-245	0.00024243675150587455	0.00024243675150587457
0.0003868097862875931	7.942314969921656e-248	0.0002399865846747244	0.00023998658467472444
0.00019340489314379654	9.011889830759819e-251	0.00023755702742625726	0.00023755702742625734
0.0002901073397156948	1.0123247068773426e-253	0.00023514803786712276	0.0002351480378671228
0.0003868097862875931	1.1259067560346075e-256	0.000232759568532614	0.00023275956853261402
0.00048351223285949136	1.2399558328363204e-259	0.0002303915666815229	0.0002303915666815229
0	1.3522997062659564e-262	0.0002280439745768604	0.0002280439745768604
9.670244657189827e-5	1.4606413021966593e-265	0.00022571672975320176	0.00022571672975320173
9.670244657189827e-5	1.5626374932160612e-268	0.00022340976527136902	0.00022340976527136905
0.0002901073397156948	1.6559847674435702e-271	0.00022112300996111835	0.0002211230099611184
0	1.738507315281456e-274	0.00021885638865245965	0.00021885638865245965
0.0005802146794313896	1.8082427373800853e-277	0.00021660982239619852	0.00021660982239619852
0.0002901073397156948	1.8635205832283465e-280	0.00021438322867425372	0.00021438322867425375
9.670244657189827e-5	1.9030292844474685e-283	0.00021217652160027237	0.00021217652160027242
0.00048351223285949136	1.9258677254960426e-286	0.0002099896121110322	0.00020998961211103224
0.00019340489314379654	1.931578643514089e-289	0.00020782240814909387	0.0002078224081490939
0.00019340489314379654	1.9201621912606435e-292	0.00020567481483713866	0.00020567481483713866
0.00048351223285949136	1.8920692395301028e-295	0.00020354673464440074	0.0002035467346444008
0.00019340489314379654	1.8481752385090884e-298	0.0002014380675455827	0.00020143806754558267
0.0002901073397156948	1.7897366047918992e-301	0.00019934871117261848	0.00019934871117261853
9.670244657189827e-5	1.7183325677810725e-304	0.0001972785609596298	0.00019727856095962977
0.0002901073397156948	1.6357961308631348e-307	0.00019522751028140087	0.00019522751028140084
0.00048351223285949136	1.54413823823596e-310	0.00019319545058568013	0.00019319545058568013
0.0002901073397156948	1.44546937324e-313	0.0001911822715196013	0.00019118227151960132
0.00019340489314379654	1.34192266e-316	0.0001891878610504969	0.00018918786105049697
0.00019340489314379654	1.2356e-319	0.00018721210558136835	0.0001872121055813683
0.00019340489314379654	1.14e-322	0.00018525489006125686	0.00018525489006125683
9.670244657189827e-5	0.0	0.00018331609809075206	0.00018331609809075206
9.670244657189827e-5	0.0	0.00018139561202285782	0.00018139561202285787
0.0002901073397156948	0.0	0.0001794933130594273	0.00017949331305942736
9.670244657189827e-5	0.0	0.0001776090813433665	0.00017760908134336646
0	0.0	0.0001757427960467957	0.00017574279604679573
9.670244657189827e-5	0.0	0.00017389433545534927	0.00017389433545534922
0.00019340489314379654	0.0	0.00017206357704878362	0.0001720635770487836
0.00019340489314379654	0.0	0.00017025039757805733	0.00017025039757805733
9.670244657189827e-5	0.0	0.00016845467313903665	0.00016845467313903674
0.00019340489314379654	0.0	0.00016667627924297362	0.00016667627924297365
9.670244657189827e-5	0.0	0.00016491509088389632	0.00016491509088389632
9.670244657189827e-5	0.0	0.00016317098260304507	0.00016317098260304502
0.0002901073397156948	0.0	0.0001614438285504798	0.0001614438285504797
9.670244657189827e-5	0.0	0.0001597335025439799	0.00015973350254397994
0.00019340489314379654	0.0	0.00015803987812535217	0.00015803987812535212
0.00019340489314379654	0.0	0.00015636282861425399	0.00015636282861425399
0.0005802146794313896	0.0	0.00015470222715963897	0.00015470222715963894
0	0.0	0.0001530579467889222	0.00015305794678892223
9.670244657189827e-5	0.0	0.00015142986045496177	0.00015142986045496175
0.0002901073397156948	0.0	0.00014981784108094565	0.00014981784108094565
0.0003868097862875931	0.0	0.00014822176160327163	0.00014822176160327158
0.0002901073397156948	0.0	0.00014664149501250216	0.00014664149501250208
0.0002901073397156948	0.0	0.00014507691439247326	0.00014507691439247323
9.670244657189827e-5	0.0	0.00014352789295763298	0.0001435278929576329
0.00019340489314379654	0.0	0.0001419943040886806	0.0001419943040886806
9.670244657189827e-5	0.0	0.0001404760213665769	0.00014047602136657694
0	0.0	0.00013897291860498953	0.00013897291860498964
9.670244657189827e-5	0.0	0.0001374848698812381	0.00013748486988123811
0.0002901073397156948	0.0	0.00013601174956579773	0.0001360117495657977
0.00019340489314379654	0.0	0.00013455343235042037	0.00013455343235042037
0	0.0	0.00013310979327492737	0.00013310979327492737
0	0.0	0.00013168070775272707	0.000131680707752727
0	0.0	0.00013026605159510794	0.00013026605159510796
9.670244657189827e-5	0.0	0.00012886570103435603	0.00012886570103435598
0	0.0	0.00012747953274574154	0.00012747953274574151
0.00019340489314379654	0.0	0.00012610742386842165	0.00012610742386842165
9.670244657189827e-5	0.0	0.00012474925202530008	0.0001247492520253001
0	0.0	0.00012340489534188497	0.00012340489534188497
0.0002901073397156948	0.0	0.00012207423246418488	0.00012207423246418485
0	0.0	0.00012075714257567965	0.00012075714257567964
0.00019340489314379654	0.0	0.00011945350541340267	0.00011945350541340265
9.670244657189827e-5	0.0	0.0001181632012831694	0.00011816320128316937
9.670244657189827e-5	0.0	0.00011688611107398472	0.00011688611107398476
9.670244657189827e-5	0.0	0.00011562211627166183	0.00011562211627166184
0.0003868097862875931	0.0	0.00011437109897168251	0.00011437109897168251
0.00019340489314379654	0.0	0.00011313294189132897	0.00011313294189132896
9.670244657189827e-5	0.0	0.00011190752838111502	0.00011190752838111505
0	0.0	0.00011069474243554401	0.00011069474243554399
0	0.0	0.00010949446870321912	0.00010949446870321912
0.00048351223285949136	0.0	0.00010830659249633197	0.00010830659249633197
0.0002901073397156948	0.0	0.00010713099979955284	0.00010713099979955287
9.670244657189827e-5	0.0	0.00010596757727834601	0.000105967577278346
0	0.0	0.00010481621228673227	0.00010481621228673228
9.670244657189827e-5	0.0	0.00010367679287452065	0.00010367679287452062
9.670244657189827e-5	0.0	0.00010254920779402901	0.00010254920779402904
0	0.0	0.00010143334650631433	0.00010143334650631433
9.670244657189827e-5	0.0	0.00010032909918693057	0.00010032909918693055
0.0002901073397156948	0.0	9.923635673123388e-5	9.923635673123393e-5
0.0002901073397156948	0.0	9.815501075925163e-5	9.815501075925163e-5
9.670244657189827e-5	0.0	9.70849536201326e-5	9.708495362013257e-5
9.670244657189827e-5	0.0	9.602607839619504e-5	9.602607839619506e-5
9.670244657189827e-5	0.0	9.4978278906588e-5	9.4978278906588e-5
0.00019340489314379654	0.0	9.394144971058095e-5	9.394144971058094e-5
9.670244657189827e-5	0.0	9.291548611049666e-5	9.291548611049668e-5
9.670244657189827e-5	0.0	9.190028415430142e-5	9.190028415430142e-5
9.670244657189827e-5	0.0	9.089574063786541e-5	9.08957406378654e-5
0	0.0	8.990175310690733e-5	8.990175310690733e-5
0.0002901073397156948	0.0	8.891821985863488e-5	8.891821985863487e-5
0	0.0	8.79450399430941e-5	8.794503994309412e-5
0	0.0	8.698211316423833e-5	8.698211316423834e-5
9.670244657189827e-5	0.0	8.602934008072862e-5	8.60293400807286e-5
9.670244657189827e-5	0.0	8.508662200647624e-5	8.508662200647624e-5
0	0.0	8.415386101093786e-5	8.415386101093787e-5
0.0002901073397156948	0.0	8.323095991917322e-5	8.323095991917324e-5
9.670244657189827e-5	0.0	8.231782231167488e-5	8.23178223116749e-5
0	0.0	8.141435252398018e-5	8.14143525239802e-5
0	0.0	8.052045564607342e-5	8.052045564607342e-5
0	0.0	7.963603752158741e-5	7.96360375215874e-5
0	0.0	7.876100474681302e-5	7.876100474681302e-5
9.670244657189827e-5	0.0	7.78952646695243e-5	7.78952646695243e-5
9.670244657189827e-5	0.0	7.703872538762737e-5	7.703872538762734e-5
0	0.0	7.619129574764014e-5	7.619129574764014e-5
0	0.0	7.535288534301082e-5	7.535288534301082e-5
0	0.0	7.452340451228137e-5	7.45234045122814e-5
9.670244657189827e-5	0.0	7.370276433710337e-5	7.370276433710335e-5
0	0.0	7.289087664011204e-5	7.289087664011203e-5
0	0.0	7.208765398266575e-5	7.208765398266577e-5
0	0.0	7.12930096624559e-5	7.129300966245592e-5
9.670244657189827e-5	0.0	7.050685771099368e-5	7.050685771099368e-5
0	0.0	6.97291128909793e-5	6.97291128909793e-5
9.670244657189827e-5	0.0	6.895969069355917e-5	6.895969069355915e-5
0	0.0	6.819850733547556e-5	6.819850733547554e-5
0	0.0	6.744547975611514e-5	6.744547975611515e-5
0	0.0	6.670052561445979e-5	6.670052561445977e-5
0	0.0	6.596356328594551e-5	6.596356328594552e-5
0	0.0	6.523451185923346e-5	6.523451185923346e-5
0	0.0	6.451329113289748e-5	6.451329113289746e-5
0	0.0	6.379982161203258e-5	6.379982161203256e-5
0	0.0	6.309402450478823e-5	6.309402450478826e-5
0	0.0	6.239582171883058e-5	6.239582171883058e-5
0	0.0	6.17051358577371e-5	6.170513585773708e-5
9.670244657189827e-5	0.0	6.102189021732779e-5	6.10218902173278e-5
0	0.0	6.034600878193591e-5	6.034600878193592e-5
9.670244657189827e-5	0.0	5.967741622062216e-5	5.967741622062217e-5
0	0.0	5.901603788333523e-5	5.901603788333525e-5
0	0.0	5.836179979702205e-5	5.836179979702207e-5
0	0.0	5.771462866169077e-5	5.771462866169077e-5
0	0.0	5.707445184642939e-5	5.707445184642938e-5
9.670244657189827e-5	0.0	5.6441197385382965e-5	5.644119738538297e-5
0	0.0	5.581479397369202e-5	5.581479397369203e-5
0.00019340489314379654	0.0	5.5195170963394865e-5	5.519517096339486e-5
0	0.0	5.4582258359296346e-5	5.4582258359296346e-5
0	0.0	5.397598681480557e-5	5.3975986814805574e-5
0	0.0	5.337628762774482e-5	5.3376287627744815e-5
0.00019340489314379654	0.0	5.2783092736132087e-5	5.278309273613208e-5
0	0.0	5.219633471393937e-5	5.219633471393937e-5
0	0.0	5.161594676682881e-5	5.16159467668288e-5
0	0.0	5.104186272786883e-5	5.104186272786883e-5
0.00019340489314379654	0.0	5.047401705323206e-5	5.047401705323206e-5
9.670244657189827e-5	0.0	4.991234481787725e-5	4.991234481787725e-5
0	0.0	4.9356781711216584e-5	4.935678171121657e-5
0	0.0	4.880726403277057e-5	4.880726403277057e-5
0	0.0	4.826372868781193e-5	4.826372868781192e-5
0.00019340489314379654	0.0	4.772611318300024e-5	4.7726113183000255e-5
9.670244657189827e-5	0.0	4.719435562200889e-5	4.7194355622008894e-5
9.670244657189827e-5	0.0	4.666839470114581e-5	4.666839470114581e-5
0	0.0	4.614816970496948e-5	4.614816970496947e-5
0	0.0	4.563362050190164e-5	4.5633620501901625e-5
0	0.0	4.512468753983804e-5	4.512468753983804e-5
0	0.0	4.462131184175846e-5	4.462131184175847e-5
0	0.0	4.412343500133735e-5	4.412343500133736e-5
0	0.0	4.3630999178556206e-5	4.363099917855619e-5
0	0.0	4.3143947095318895e-5	4.314394709531889e-5
0	0.0	4.266222203107111e-5	4.266222203107111e-5
0	0.0	4.21857678184247e-5	4.218576781842471e-5
0	0.0	4.17145288387884e-5	4.171452883878841e-5
0	0.0	4.1248450018005515e-5	4.124845001800553e-5
0	0.0	4.078747682199968e-5	4.078747682199968e-5
0	0.0	4.03315552524296e-5	4.033155525242961e-5
0	0.0	3.988063184235371e-5	3.988063184235371e-5
0	0.0	3.943465365190533e-5	3.943465365190534e-5
9.670244657189827e-5	0.0	3.899356826397945e-5	3.899356826397946e-5
0	0.0	3.8557323779931675e-5	3.855732377993168e-5
0	0.0	3.812586881529011e-5	3.812586881529009e-5
0	0.0	3.769915249548098e-5	3.769915249548097e-5
0	0.0	3.7277124451568614e-5	3.7277124451568594e-5
0	0.0	3.68597348160103e-5	3.6859734816010286e-5
0	0.0	3.6446934218426844e-5	3.644693421842684e-5
9.670244657189827e-5	0.0	3.6038673781389334e-5	3.603867378138935e-5
0	0.0	3.5634905116222557e-5	3.563490511622256e-5
0	0.0	3.523558031882575e-5	3.523558031882577e-5
0	0.0	3.484065196551125e-5	3.484065196551127e-5
9.670244657189827e-5	0.0	3.445007310886127e-5	3.445007310886127e-5
0	0.0	3.406379727360347e-5	3.406379727360348e-5
0	0.0	3.36817784525059e-5	3.36817784525059e-5
0	0.0	3.330397110229122e-5	3.3303971102291235e-5
0	0.0	3.293033013957129e-5	3.29303301395713e-5
9.670244657189827e-5	0.0	3.2560810936801874e-5	3.256081093680188e-5
9.670244657189827e-5	0.0	3.219536931825827e-5	3.2195369318258266e-5
0	0.0	3.1833961556031906e-5	3.18339615560319e-5
0	0.0	3.147654436604853e-5	3.147654436604854e-5
0	0.0	3.112307490410792e-5	3.1123074904107914e-5
0	0.0	3.0773510761945676e-5	3.077351076194569e-5
0	0.0	3.0427809963317383e-5	3.0427809963317393e-5
0	0.0	3.00859309601052e-5	3.0085930960105206e-5
0	0.0	2.9747832628447223e-5	2.9747832628447233e-5
0	0.0	2.941347426488996e-5	2.941347426488995e-5
0	0.0	2.9082815582563813e-5	2.9082815582563823e-5
0	0.0	2.8755816707382267e-5	2.875581670738227e-5
0	0.0	2.843243817426434e-5	2.8432438174264347e-5
9.670244657189827e-5	0.0	2.811264092338102e-5	2.8112640923381016e-5
0	0.0	2.7796386296425514e-5	2.7796386296425514e-5
0	0.0	2.7483636032907644e-5	2.748363603290764e-5
0	0.0	2.717435226647235e-5	2.7174352266472344e-5
0	0.0	2.686849752124254e-5	2.6868497521242548e-5
0	0.0	2.656603470818645e-5	2.656603470818646e-5
0	0.0	2.626692712150936e-5	2.626692712150937e-5
0	0.0	2.5971138435070156e-5	2.597113843507016e-5
0	0.0	2.5678632698822377e-5	2.5678632698822377e-5
0	0.0	2.538937433528021e-5	2.538937433528021e-5
9.670244657189827e-5	0.0	2.510332813600922e-5	2.5103328136009216e-5
9.670244657189827e-5	0.0	2.4820459258141973e-5	2.4820459258141976e-5
9.670244657189827e-5	0.0	2.454073322091869e-5	2.454073322091869e-5
0	0.0	2.4264115902252707e-5	2.426411590225271e-5
0	0.0	2.399057353532112e-5	2.3990573535321123e-5
0	0.0	2.3720072705180292e-5	2.3720072705180292e-5
0.00019340489314379654	0.0	2.345258034540647e-5	2.3452580345406475e-5
0	0.0	2.3188063734761466e-5	2.318806373476147e-5
0	0.0	2.2926490493883306e-5	2.2926490493883306e-5
0	0.0	2.2667828582001956e-5	2.2667828582001966e-5
0	0.0	2.2412046293680096e-5	2.241204629368009e-5
0	0.0	2.2159112255578784e-5	2.215911225557879e-5
0	0.0	2.1908995423248262e-5	2.1908995423248262e-5
0	0.0	2.1661665077943525e-5	2.166166507794353e-5
0	0.0	2.1417090823464948e-5	2.141709082346495e-5
0	0.0	2.1175242583023662e-5	2.1175242583023655e-5
9.670244657189827e-5	0.0	2.0936090596131814e-5	2.093609059613182e-5
0	0.0	2.0699605415517628e-5	2.069960541551762e-5
0	0.0	2.0465757904065047e-5	2.046575790406505e-5
9.670244657189827e-5	0.0	2.023451923177814e-5	2.023451923177814e-5
0	0.0	2.000586087277007e-5	2.0005860872770065e-5
0	0.0	1.977975460227652e-5	1.9779754602276513e-5
0	0.0	1.9556172493693632e-5	1.9556172493693635e-5
0	0.0	1.9335086915640277e-5	1.9335086915640274e-5
0	0.0	1.9116470529044606e-5	1.9116470529044602e-5
0	0.0	1.8900296284254786e-5	1.890029628425478e-5
0	0.0	1.868653741817389e-5	1.8686537418173887e-5
0	0.0	1.8475167451418778e-5	1.8475167451418778e-5
9.670244657189827e-5	0.0	1.826616018550289e-5	1.8266160185502887e-5
0	0.0	1.8059489700042904e-5	1.8059489700042904e-5
0	0.0	1.785513034998912e-5	1.7855130349989118e-5
0	0.0	1.765305676287942e-5	1.765305676287942e-5
0	0.0	1.745324383611684e-5	1.7453243836116836e-5
0	0.0	1.725566673427046e-5	1.7255666734270455e-5
0	0.0	1.7060300886399684e-5	1.7060300886399684e-5
0	0.0	1.686712198340167e-5	1.686712198340167e-5
9.670244657189827e-5	0.0	1.667610597538184e-5	1.6676105975381835e-5
0	0.0	1.6487229069047354e-5	1.6487229069047364e-5
0	0.0	1.63004677251235e-5	1.63004677251235e-5
0	0.0	1.6115798655792654e-5	1.6115798655792654e-5
0	0.0	1.5933198822156047e-5	1.593319882215604e-5
0	0.0	1.5752645431717804e-5	1.5752645431717815e-5
0	0.0	1.5574115935891557e-5	1.557411593589156e-5
0	0.0	1.5397588027529106e-5	1.5397588027529103e-5
0	0.0	1.5223039638471274e-5	1.522303963847127e-5
0	0.0	1.5050448937120738e-5	1.505044893712074e-5
9.670244657189827e-5	0.0	1.4879794326036713e-5	1.4879794326036722e-5
0	0.0	1.4711054439551302e-5	1.4711054439551303e-5
0	0.0	1.454420814140746e-5	1.4544208141407464e-5
0	0.0	1.4379234522418432e-5	1.4379234522418437e-5
0	0.0	1.4216112898148494e-5	1.4216112898148494e-5
9.670244657189827e-5	0.0	1.405482280661483e-5	1.4054822806614827e-5
0	0.0	1.3895344006010532e-5	1.3895344006010535e-5
0	0.0	1.3737656472448475e-5	1.3737656472448473e-5
9.670244657189827e-5	0.0	1.3581740397725945e-5	1.3581740397725942e-5
0	0.0	1.3427576187109953e-5	1.3427576187109953e-5
0	0.0	1.3275144457143017e-5	1.3275144457143019e-5
0	0.0	1.3124426033469286e-5	1.3124426033469286e-5
0	0.0	1.297540194868094e-5	1.2975401948680938e-5
0	0.0	1.2828053440184633e-5	1.2828053440184632e-5
0	0.0	1.2682361948087877e-5	1.2682361948087877e-5
0	0.0	1.2538309113105266e-5	1.2538309113105266e-5
0	0.0	1.2395876774484327e-5	1.2395876774484328e-5
0	0.0	1.2255046967950884e-5	1.2255046967950888e-5
0	0.0	1.211580192367387e-5	1.2115801923673872e-5
0	0.0	1.1978124064249294e-5	1.1978124064249296e-5
0	0.0	1.1841996002703384e-5	1.184199600270338e-5
9.670244657189827e-5	0.0	1.1707400540514628e-5	1.170740054051463e-5
0	0.0	1.1574320665654711e-5	1.1574320665654713e-5
0	0.0	1.1442739550648035e-5	1.1442739550648033e-5
0	0.0	1.1312640550649856e-5	1.131264055064986e-5
0	0.0	1.1184007201542795e-5	1.1184007201542793e-5
0	0.0	1.1056823218051573e-5	1.1056823218051575e-5
0	0.0	1.0931072491875937e-5	1.0931072491875938e-5
0	0.0	1.0806739089841487e-5	1.080673908984149e-5
0	0.0	1.0683807252068376e-5	1.0683807252068376e-5
0	0.0	1.0562261390157726e-5	1.0562261390157723e-5
0	0.0	1.044208608539555e-5	1.0442086085395552e-5
9.670244657189827e-5	0.0	1.0323266086974168e-5	1.0323266086974168e-5
0	0.0	1.0205786310230828e-5	1.0205786310230824e-5
9.670244657189827e-5	0.0	1.0089631834903512e-5	1.0089631834903514e-5
0	0.0	9.974787903403767e-6	9.974787903403765e-6
0	0.0	9.861239919106328e-6	9.86123991910633e-6
0	0.0	9.74897344465557e-6	9.748973444655574e-6
0	0.0	9.637974200288474e-6	9.637974200288474e-6
0	0.0	9.528228062174093e-6	9.528228062174095e-6
0	0.0	9.419721060769323e-6	9.419721060769321e-6
0	0.0	9.312439379190866e-6	9.312439379190866e-6
0	0.0	9.20636935160326e-6	9.206369351603257e-6
0	0.0	9.101497461622791e-6	9.10149746162279e-6
0	0.0	8.997810340737222e-6	8.997810340737222e-6
0	0.0	8.895294766741169e-6	8.895294766741169e-6
0	0.0	8.793937662186973e-6	8.793937662186973e-6
0	0.0	8.693726092850988e-6	8.693726092850988e-6
0	0.0	8.594647266215102e-6	8.594647266215102e-6
0	0.0	8.496688529963404e-6	8.496688529963404e-6
0	0.0	8.399837370493817e-6	8.39983737049382e-6
9.670244657189827e-5	0.0	8.304081411444633e-6	8.304081411444632e-6
0	0.0	8.209408412235738e-6	8.20940841223574e-6
0	0.0	8.115806266624517e-6	8.115806266624514e-6
0	0.0	8.02326300127613e-6	8.023263001276132e-6
9.670244657189827e-5	0.0	7.93176677434827e-6	7.931766774348272e-6
0	0.0	7.841305874090049e-6	7.841305874090047e-6
0	0.0	7.751868717455021e-6	7.751868717455021e-6
0	0.0	7.663443848728209e-6	7.663443848728209e-6
0	0.0	7.576019938166939e-6	7.57601993816694e-6
0	0.0	7.489585780655438e-6	7.489585780655438e-6
0	0.0	7.404130294373016e-6	7.404130294373017e-6
0	0.0	7.319642519475762e-6	7.319642519475761e-6
0	0.0	7.236111616791571e-6	7.2361116167915725e-6
0	0.0	7.1535268665284495e-6	7.153526866528449e-6
0	0.0	7.071877666995903e-6	7.071877666995904e-6
0	0.0	6.991153533339387e-6	6.991153533339385e-6
0	0.0	6.911344096287582e-6	6.9113440962875805e-6
0	0.0	6.8324391009124925e-6	6.832439100912493e-6
0	0.0	6.754428405402159e-6	6.754428405402159e-6
0	0.0	6.677301979845932e-6	6.677301979845932e-6
0	0.0	6.601049905032159e-6	6.60104990503216e-6
0	0.0	6.525662371258183e-6	6.525662371258183e-6
9.670244657189827e-5	0.0	6.451129677152525e-6	6.4511296771525235e-6
0	0.0	6.377442228509163e-6	6.377442228509161e-6
0	0.0	6.3045905371337715e-6	6.304590537133774e-6
0	0.0	6.232565219701823e-6	6.232565219701821e-6
0	0.0	6.161356996628423e-6	6.161356996628423e-6
0	0.0	6.09095669094981e-6	6.0909566909498086e-6
0	0.0	6.021355227216353e-6	6.021355227216354e-6
0	0.0	5.952543630397004e-6	5.9525436303970055e-6
0	0.0	5.88451302479503e-6	5.88451302479503e-6
0	0.0	5.8172546329749645e-6	5.817254632974964e-6
0	0.0	5.750759774700677e-6	5.750759774700677e-6
9.670244657189827e-5	0.0	5.685019865884409e-6	5.685019865884411e-6
0	0.0	5.620026417546732e-6	5.620026417546733e-6
0	0.0	5.555771034787253e-6	5.555771034787254e-6
0	0.0	5.492245415766051e-6	5.492245415766051e-6
0	0.0	5.429441350695672e-6	5.429441350695672e-6
0	0.0	5.367350720843598e-6	5.367350720843597e-6
0	0.0	5.30596549754512e-6	5.305965497545121e-6
0	0.0	5.245277741226483e-6	5.245277741226482e-6
0	0.0	5.18527960043821e-6	5.185279600438211e-6
0	0.0	5.125963310898514e-6	5.125963310898512e-6
0	0.0	5.067321194546707e-6	5.067321194546705e-6
0	0.0	5.009345658606482e-6	5.009345658606481e-6
0	0.0	4.952029194659013e-6	4.9520291946590145e-6
0	0.0	4.8953643777257425e-6	4.895364377725742e-6
0	0.0	4.839343865360769e-6	4.839343865360767e-6
0	0.0	4.783960396752762e-6	4.783960396752762e-6
0	0.0	4.7292067918363e-6	4.729206791836299e-6
0	0.0	4.6750759504125115e-6	4.6750759504125115e-6
0	0.0	4.621560851278986e-6	4.621560851278986e-6
0	0.0	4.568654551368808e-6	4.568654551368808e-6
0	0.0	4.51635018489866e-6	4.516350184898657e-6
0	0.0	4.46464096252588e-6	4.46464096252588e-6
9.670244657189827e-5	0.0	4.413520170514426e-6	4.413520170514425e-6
9.670244657189827e-5	0.0	4.362981169909603e-6	4.362981169909605e-6
0	0.0	4.313017395721513e-6	4.313017395721514e-6
0	0.0	4.263622356117114e-6	4.263622356117115e-6
0	0.0	4.214789631620833e-6	4.214789631620832e-6
0	0.0	4.166512874323598e-6	4.166512874323596e-6
0	0.0	4.118785807100264e-6	4.118785807100266e-6
0	0.0	4.071602222835316e-6	4.071602222835314e-6
0	0.0	4.02495598365675e-6	4.024955983656749e-6
0	0.0	3.978841020178105e-6	3.978841020178106e-6
0	0.0	3.933251330748517e-6	3.933251330748518e-6
0	0.0	3.888180980710724e-6	3.888180980710724e-6
0	0.0	3.8436241016669605e-6	3.843624101666961e-6
0	0.0	3.7995748907526512e-6	3.7995748907526525e-6
0	0.0	3.7560276099178134e-6	3.7560276099178134e-6
9.670244657189827e-5	0.0	3.7129765852161157e-6	3.712976585216116e-6
0	0.0	3.670416206101498e-6	3.670416206101499e-6
0	0.0	3.628340924732277e-6	3.6283409247322785e-6
0	0.0	3.5867452552826827e-6	3.5867452552826835e-6
0	0.0	3.54562377326171e-6	3.5456237732617105e-6
0	0.0	3.5049711148392575e-6	3.504971114839257e-6
0	0.0	3.4647819761794525e-6	3.464781976179452e-6
0	0.0	3.425051112781091e-6	3.425051112781091e-6
0	0.0	3.3857733388251307e-6	3.3857733388251307e-6
0	0.0	3.3469435265291586e-6	3.3469435265291586e-6
0	0.0	3.3085566055087644e-6	3.308556605508764e-6
0	0.0	3.270607562145743e-6	3.2706075621457424e-6
0	0.0	3.2330914389630744e-6	3.2330914389630744e-6
0	0.0	3.196003334006589e-6	3.19600333400659e-6
0	0.0	3.1593384002332686e-6	3.1593384002332686e-6
0	0.0	3.1230918449061e-6	3.1230918449060994e-6
0	0.0	3.0872589289954324e-6	3.0872589289954324e-6
0	0.0	3.051834966586755e-6	3.0518349665867547e-6
0	0.0	3.0168153242948367e-6	3.0168153242948375e-6
0	0.0	2.982195420684164e-6	2.9821954206841654e-6
0	0.0	2.94797072569561e-6	2.9479707256956105e-6
0	0.0	2.9141367600792655e-6	2.9141367600792646e-6
0	0.0	2.8806890948333862e-6	2.8806890948333867e-6
0	0.0	2.8476233506493734e-6	2.847623350649373e-6
0	0.0	2.814935197362727e-6	2.8149351973627266e-6
0	0.0	2.7826203534099333e-6	2.7826203534099325e-6
0	0.0	2.7506745852911945e-6	2.7506745852911953e-6
0	0.0	2.7190937070389628e-6	2.7190937070389628e-6
0	0.0	2.6878735796922035e-6	2.6878735796922035e-6
0	0.0	2.657010110776341e-6	2.657010110776341e-6
0	0.0	2.6264992537888214e-6	2.626499253788822e-6
0	0.0	2.5963370076902354e-6	2.596337007690236e-6
0	0.0	2.5665194164009367e-6	2.5665194164009363e-6
0	0.0	2.5370425683031174e-6	2.537042568303118e-6
0	0.0	2.507902595748262e-6	2.5079025957482616e-6
0	0.0	2.4790956745699374e-6	2.479095674569938e-6
0	0.0	2.450618023601866e-6	2.450618023601866e-6
0	0.0	2.4224659042012034e-6	2.422465904201203e-6
0	0.0	2.394635619777006e-6	2.3946356197770054e-6
0	0.0	2.3671235153237945e-6	2.3671235153237945e-6
0	0.0	2.3399259769601928e-6	2.3399259769601928e-6
0	0.0	2.3130394314725585e-6	2.3130394314725577e-6
0	0.0	2.286460345863581e-6	2.2864603458635807e-6
0	0.0	2.260185226905778e-6	2.2601852269057776e-6
0	0.0	2.2342106206998467e-6	2.2342106206998467e-6
0	0.0	2.208533112237811e-6	2.2085331122378112e-6
0	0.0	2.183149324970928e-6	2.183149324970927e-6
0	0.0	2.158055920382282e-6	2.158055920382283e-6
0	0.0	2.1332495975640515e-6	2.1332495975640515e-6
0	0.0	2.1087270927993533e-6	2.1087270927993533e-6
0	0.0	2.0844851791486643e-6	2.0844851791486643e-6
0	0.0	2.060520666040734e-6	2.060520666040735e-6
0	0.0	2.036830398867965e-6	2.0368303988679653e-6
0	0.0	2.0134112585861994e-6	2.0134112585861998e-6
0	0.0	1.990260161318876e-6	1.990260161318876e-6
0	0.0	1.9673740579655056e-6	1.9673740579655056e-6
0	0.0	1.9447499338144183e-6	1.9447499338144188e-6
0	0.0	1.9223848081597436e-6	1.9223848081597436e-6
0	0.0	1.9002757339225658e-6	1.9002757339225656e-6
0	0.0	1.8784197972762325e-6	1.8784197972762331e-6
0	0.0	1.8568141172757524e-6	1.8568141172757522e-6
0	0.0	1.8354558454912383e-6	1.8354558454912383e-6
0	0.0	1.8143421656453755e-6	1.8143421656453757e-6
0	0.0	1.7934702932548447e-6	1.793470293254845e-6
0	0.0	1.7728374752756773e-6	1.772837475275677e-6
0	0.0	1.7524409897524891e-6	1.752440989752489e-6
0	0.0	1.732278145471562e-6	1.7322781454715616e-6
0	0.0	1.7123462816177193e-6	1.712346281617719e-6
0	0.0	1.6926427674349725e-6	1.692642767434972e-6
0	0.0	1.673165001890879e-6	1.6731650018908793e-6
0	0.0	1.653910413344589e-6	1.6539104133445894e-6
0	0.0	1.6348764592185263e-6	1.6348764592185265e-6
0	0.0	1.616060625673683e-6	1.6160606256736833e-6
0	0.0	1.5974604272884694e-6	1.5974604272884696e-6
0	0.0	1.5790734067410968e-6	1.5790734067410968e-6
0	0.0	1.560897134495447e-6	1.560897134495447e-6
0	0.0	1.5429292084903948e-6	1.5429292084903945e-6
0	0.0	1.5251672538325454e-6	1.5251672538325456e-6
0	0.0	1.5076089224923501e-6	1.5076089224923501e-6
0	0.0	1.4902518930035654e-6	1.4902518930035658e-6
0	0.0	1.4730938701660175e-6	1.4730938701660173e-6
0	0.0	1.4561325847516365e-6	1.4561325847516367e-6
0	0.0	1.4393657932137342e-6	1.4393657932137342e-6
0	0.0	1.4227912773994736e-6	1.4227912773994736e-6
0	0.0	1.406406844265512e-6	1.4064068442655118e-6
0	0.0	1.390210325596775e-6	1.3902103255967749e-6
0	0.0	1.374199577728332e-6	1.374199577728332e-6
0	0.0	1.3583724812703335e-6	1.358372481270334e-6
0	0.0	1.34272694083599e-6	1.3427269408359893e-6
0	0.0	1.3272608847725402e-6	1.3272608847725398e-6
0	0.0	1.3119722648951991e-6	1.311972264895199e-6
0	0.0	1.2968590562240344e-6	1.2968590562240344e-6
0	0.0	1.2819192567237534e-6	1.2819192567237532e-6
0	0.0	1.2671508870463568e-6	1.267150887046357e-6
0	0.0	1.252551990276644e-6	1.252551990276644e-6
0	0.0	1.2381206316805228e-6	1.2381206316805226e-6
0	0.0	1.2238548984561047e-6	1.2238548984561045e-6
0	0.0	1.2097528994875483e-6	1.2097528994875487e-6
0	0.0	1.195812765101632e-6	1.1958127651016318e-6
0	0.0	1.18203264682701e-6	1.1820326468270094e-6
0	0.0	1.1684107171561369e-6	1.1684107171561367e-6
0	0.0	1.1549451693098267e-6	1.1549451693098267e-6
0	0.0	1.1416342170044195e-6	1.1416342170044193e-6
0	0.0	1.128476094221519e-6	1.1284760942215188e-6
0	0.0	1.11546905498029e-6	1.1154690549802898e-6
0	0.0	1.1026113731122716e-6	1.1026113731122707e-6
0	0.0	1.089901342038685e-6	1.089901342038685e-6
0	0.0	1.0773372745502169e-6	1.0773372745502169e-6
0	0.0	1.0649175025892342e-6	1.0649175025892342e-6
0	0.0	1.0526403770344214e-6	1.0526403770344216e-6
0	0.0	1.0405042674878037e-6	1.0405042674878035e-6
0	0.0	1.02850756206413e-6	1.0285075620641298e-6
0	0.0	1.016648667182599e-6	1.0166486671825985e-6
0	0.0	1.0049260073608925e-6	1.0049260073608918e-6
0	0.0	9.933380250114964e-7	9.933380250114964e-7
0	0.0	9.818831802402836e-7	9.818831802402834e-7
0	0.0	9.705599506473348e-7	9.70559950647335e-7
0	0.0	9.593668311299704e-7	9.593668311299704e-7
0	0.0	9.483023336879709e-7	9.483023336879712e-7
0	0.0	9.373649872309656e-7	9.373649872309656e-7
0	0.0	9.265533373879583e-7	9.265533373879585e-7
0	0.0	9.158659463189735e-7	9.158659463189737e-7
0	0.0	9.053013925287958e-7	9.05301392528796e-7
0	0.0	8.948582706827842e-7	8.948582706827841e-7
0	0.0	8.84535191424731e-7	8.845351914247311e-7
0	0.0	8.743307811967542e-7	8.743307811967542e-7
0	0.0	8.642436820611877e-7	8.642436820611878e-7
0	0.0	8.542725515244606e-7	8.542725515244606e-7
0	0.0	8.444160623629337e-7	8.444160623629337e-7
0	0.0	8.34672902450679e-7	8.346729024506789e-7
0	0.0	8.25041774589176e-7	8.25041774589176e-7
0	0.0	8.155213963389056e-7	8.155213963389056e-7
0	0.0	8.061104998528224e-7	8.061104998528224e-7
0	0.0	7.968078317116834e-7	7.968078317116832e-7
0	0.0	7.876121527612107e-7	7.876121527612107e-7
0	0.0	7.785222379510736e-7	7.785222379510735e-7
0	0.0	7.695368761756631e-7	7.695368761756632e-7
0	0.0	7.606548701166466e-7	7.606548701166466e-7
0	0.0	7.518750360872765e-7	7.518750360872763e-7
0	0.0	7.431962038784381e-7	7.43196203878438e-7
0	0.0	7.346172166064173e-7	7.346172166064172e-7
0	0.0	7.261369305623648e-7	7.261369305623647e-7
0	0.0	7.177542150634445e-7	7.177542150634445e-7
0	0.0	7.094679523056444e-7	7.094679523056444e-7
0	0.0	7.012770372182293e-7	7.012770372182295e-7
0	0.0	6.931803773198239e-7	6.93180377319824e-7
0	0.0	6.851768925761004e-7	6.851768925761002e-7
0	0.0	6.7726551525906e-7	6.772655152590602e-7
0	0.0	6.694451898078871e-7	6.694451898078872e-7
0	0.0	6.617148726913584e-7	6.617148726913584e-7
0	0.0	6.54073532271792e-7	6.540735322717919e-7
0	0.0	6.465201486705176e-7	6.465201486705175e-7
0	0.0	6.390537136348545e-7	6.390537136348545e-7
0	0.0	6.316732304065744e-7	6.316732304065744e-7
0	0.0	6.243777135918402e-7	6.243777135918402e-7
0	0.0	6.171661890325978e-7	6.171661890325976e-7
0	0.0	6.100376936794104e-7	6.100376936794106e-7
0	0.0	6.029912754657163e-7	6.029912754657162e-7
0	0.0	5.960259931834935e-7	5.960259931834936e-7
0	0.0	5.891409163603207e-7	5.891409163603205e-7
0	0.0	5.823351251378109e-7	5.823351251378107e-7
0	0.0	5.756077101514134e-7	5.756077101514132e-7
0	0.0	5.689577724115583e-7	5.689577724115583e-7
0	0.0	5.623844231861351e-7	5.623844231861352e-7
0	0.0	5.558867838842902e-7	5.558867838842902e-7
0	0.0	5.494639859415258e-7	5.494639859415256e-7
0	0.0	5.431151707060883e-7	5.431151707060882e-7
0	0.0	5.368394893266318e-7	5.368394893266316e-7
0	0.0	5.306361026411414e-7	5.306361026411414e-7
0	0.0	5.245041810671035e-7	5.245041810671036e-7
0	0.0	5.184429044929081e-7	5.184429044929081e-7
0	0.0	5.124514621704715e-7	5.124514621704716e-7
0	0.0	5.065290526090628e-7	5.065290526090627e-7
0	0.0	5.006748834703238e-7	5.006748834703239e-7
0	0.0	4.948881714644697e-7	4.948881714644698e-7
0	0.0	4.891681422476519e-7	4.891681422476517e-7
0	0.0	4.835140303204762e-7	4.835140303204763e-7
0	0.0	4.779250789276632e-7	4.779250789276629e-7
0	0.0	4.724005399588313e-7	4.7240053995883136e-7
0	0.0	4.669396738504014e-7	4.669396738504013e-7
0	0.0	4.615417494885971e-7	4.615417494885971e-7
0	0.0	4.5620604411354337e-7	4.562060441135433e-7
0	0.0	4.5093184322443625e-7	4.509318432244364e-7
0	0.0	4.4571844048578594e-7	4.457184404857859e-7
0	0.0	4.405651376347077e-7	4.4056513763470764e-7
0	0.0	4.3547124438926207e-7	4.3547124438926207e-7
0	0.0	4.3043607835782255e-7	4.3043607835782255e-7
0	0.0	4.254589649494646e-7	4.2545896494946454e-7
0	0.0	4.2053923728536314e-7	4.2053923728536314e-7
0	0.0	4.156762361111873e-7	4.1567623611118735e-7
0	0.0	4.1086930971048177e-7	4.1086930971048177e-7
0	0.0	4.061178138190237e-7	4.061178138190237e-7
0	0.0	4.014211115401434e-7	4.0142111154014334e-7
0	0.0	3.967785732609992e-7	3.9677857326099917e-7
0	0.0	3.921895765697962e-7	3.921895765697964e-7
0	0.0	3.8765350617393734e-7	3.876535061739373e-7
0	0.0	3.83169753819095e-7	3.8316975381909506e-7
0	0.0	3.7873771820919855e-7	3.7873771820919866e-7
0	0.0	3.7435680492732005e-7	3.7435680492731994e-7
0	0.0	3.700264263574535e-7	3.700264263574535e-7
0	0.0	3.657460016071764e-7	3.6574600160717635e-7
0	0.0	3.6151495643118275e-7	3.6151495643118275e-7
0	0.0	3.5733272315567816e-7	3.573327231556781e-7
0	0.0	3.531987406036286e-7	3.531987406036286e-7
0	0.0	3.491124540208522e-7	3.4911245402085225e-7
0	0.0	3.450733150029443e-7	3.450733150029442e-7
0	0.0	3.410807814230276e-7	3.410807814230277e-7
0	0.0	3.371343173603183e-7	3.3713431736031833e-7
0	0.0	3.3323339302949697e-7	3.332333930294971e-7
0	0.0	3.2937748471087847e-7	3.293774847108786e-7
0	0.0	3.2556607468136894e-7	3.25566074681369e-7
0	0.0	3.2179865114620335e-7	3.217986511462033e-7
0	0.0	3.18074708171453e-7	3.1807470817145294e-7
0	0.0	3.143937456172961e-7	3.143937456172962e-7
0	0.0	3.1075526907204264e-7	3.107552690720425e-7
0	0.0	3.071587897869017e-7	3.071587897869018e-7
0	0.0	3.036038246114911e-7	3.036038246114913e-7
0	0.0	3.000898959300698e-7	3.0008989593006984e-7
0	0.0	2.9661653159849546e-7	2.9661653159849557e-7
0	0.0	2.931832648818927e-7	2.9318326488189276e-7
0	0.0	2.897896343930262e-7	2.8978963439302625e-7
0	0.0	2.864351840313706e-7	2.8643518403137057e-7
0	0.0	2.8311946292286936e-7	2.8311946292286936e-7
0	0.0	2.7984202536037566e-7	2.7984202536037555e-7
0	0.0	2.766024307447649e-7	2.7660243074476505e-7
0	0.0	2.734002435267163e-7	2.7340024352671625e-7
0	0.0	2.702350331491497e-7	2.7023503314914974e-7
0	0.0	2.6710637399031666e-7	2.671063739903167e-7
0	0.0	2.6401384530753354e-7	2.6401384530753354e-7
0	0.0	2.609570311815526e-7	2.6095703118155273e-7
0	0.0	2.5793552046156185e-7	2.579355204615618e-7
0	0.0	2.5494890671080765e-7	2.5494890671080754e-7
0	0.0	2.519967881528337e-7	2.519967881528336e-7
0	0.0	2.4907876761832747e-7	2.4907876761832757e-7
0	0.0	2.4619445249257005e-7	2.4619445249257e-7
0	0.0	2.4334345466347904e-7	2.433434546634792e-7
0	0.0	2.405253904702424e-7	2.405253904702424e-7
0	0.0	2.3773988065253168e-7	2.3773988065253176e-7
0	0.0	2.3498655030029305e-7	2.3498655030029305e-7
0	0.0	2.3226502880410489e-7	2.3226502880410486e-7
0	0.0	2.2957494980609975e-7	2.295749498060997e-7
0	0.0	2.2691595115144118e-7	2.2691595115144115e-7
0	0.0	2.242876748403515e-7	2.2428767484035162e-7
0	0.0	2.2168976698068283e-7	2.2168976698068283e-7
0	0.0	2.1912187774102537e-7	2.1912187774102534e-7
0	0.0	2.165836613043484e-7	2.165836613043484e-7
0	0.0	2.1407477582216625e-7	2.1407477582216625e-7
0	0.0	2.11594883369224e-7	2.11594883369224e-7
0	0.0	2.0914364989869723e-7	2.091436498986972e-7
0	0.0	2.0672074519790027e-7	2.0672074519790032e-7
0	0.0	2.0432584284449628e-7	2.0432584284449636e-7
0	0.0	2.0195862016320434e-7	2.019586201632044e-7
0	0.0	1.996187581829982e-7	1.9961875818299822e-7
0	0.0	1.9730594159478995e-7	1.9730594159478995e-7
0	0.0	1.9501985870959454e-7	1.9501985870959452e-7
0	0.0	1.927602014171688e-7	1.9276020141716884e-7
0	0.0	1.9052666514512014e-7	1.9052666514512017e-7
0	0.0	1.8831894881847928e-7	1.8831894881847923e-7
0	0.0	1.8613675481973197e-7	1.8613675481973197e-7
0	0.0	1.8397978894930496e-7	1.839797889493049e-7
0	0.0	1.8184776038649968e-7	1.8184776038649966e-7
0	0.0	1.7974038165087084e-7	1.7974038165087086e-7
0	0.0	1.7765736856404292e-7	1.77657368564043e-7
0	0.0	1.755984402119604e-7	1.755984402119604e-7
0	0.0	1.7356331890756692e-7	1.735633189075669e-7
0	0.0	1.7155173015390888e-7	1.7155173015390888e-7
0	0.0	1.6956340260765762e-7	1.6956340260765762e-7
0	0.0	1.6759806804304648e-7	1.675980680430465e-7
0	0.0	1.6565546131621777e-7	1.6565546131621782e-7
0	0.0	1.637353203299746e-7	1.6373532032997455e-7
0	0.0	1.618373859989339e-7	1.6183738599893392e-7
0	0.0	1.599614022150751e-7	1.5996140221507513e-7
0	0.0	1.581071158136807e-7	1.581071158136807e-7
0	0.0	1.5627427653966423e-7	1.5627427653966418e-7
0	0.0	1.5446263701428074e-7	1.5446263701428072e-7
0	0.0	1.5267195270221638e-7	1.5267195270221635e-7
0	0.0	1.509019818790517e-7	1.509019818790517e-7
0	0.0	1.4915248559909565e-7	1.4915248559909565e-7
0	0.0	1.4742322766358505e-7	1.4742322766358495e-7
0	0.0	1.457139745892458e-7	1.457139745892458e-7
0	0.0	1.4402449557721234e-7	1.440244955772123e-7
0	0.0	1.4235456248230017e-7	1.4235456248230014e-7
0	0.0	1.4070394978262823e-7	1.407039497826282e-7
0	0.0	1.3907243454958727e-7	1.3907243454958732e-7
0	0.0	1.3745979641814956e-7	1.374597964181496e-7
0	0.0	1.358658175575169e-7	1.3586581755751693e-7
0	0.0	1.34290282642103e-7	1.34290282642103e-7
0	0.0	1.3273297882284534e-7	1.327329788228453e-7
0	0.0	1.3119369569884457e-7	1.3119369569884462e-7
0	0.0	1.2967222528932683e-7	1.296722252893268e-7
9.670244657189827e-5	0.0	1.2816836200592452e-7	1.2816836200592444e-7
0	0.0	1.2668190262527354e-7	1.2668190262527354e-7
0	0.0	1.252126462619227e-7	1.252126462619227e-7
0	0.0	1.2376039434155097e-7	1.2376039434155086e-7
0	0.0	1.223249505744905e-7	1.2232495057449047e-7
0	0.0	1.2090612092955134e-7	1.2090612092955134e-7
0	0.0	1.1950371360814393e-7	1.1950371360814395e-7
0	0.0	1.1811753901869667e-7	1.1811753901869669e-7
0	0.0	1.1674740975136526e-7	1.1674740975136527e-7
0	0.0	1.1539314055302983e-7	1.1539314055302986e-7
0	0.0	1.140545483025776e-7	1.1405454830257761e-7
0	0.0	1.1273145198646664e-7	1.1273145198646668e-7
0	0.0	1.1142367267456899e-7	1.1142367267456897e-7
0	0.0	1.1013103349628815e-7	1.1013103349628817e-7
0	0.0	1.0885335961695017e-7	1.0885335961695017e-7
0	0.0	1.0759047821446257e-7	1.0759047821446261e-7
0	0.0	1.0634221845624069e-7	1.0634221845624069e-7
0	0.0	1.0510841147639609e-7	1.0510841147639606e-7
0	0.0	1.0388889035318605e-7	1.0388889035318605e-7
0	0.0	1.0268349008671965e-7	1.0268349008671964e-7
0	0.0	1.0149204757691847e-7	1.0149204757691847e-7
0	0.0	1.0031440160172864e-7	1.0031440160172863e-7
0	0.0	9.91503927955814e-8	9.915039279558139e-8
0	0.0	9.799986362809973e-8	9.799986362809973e-8
0	0.0	9.686265838304745e-8	9.686265838304745e-8
0	0.0	9.573862313751904e-8	9.573862313751902e-8
0	0.0	9.462760574136673e-8	9.462760574136674e-8
0	0.0	9.352945579686234e-8	9.352945579686231e-8
0	0.0	9.24440246385914e-8	9.244402463859141e-8
0	0.0	9.137116531357696e-8	9.137116531357695e-8
0	0.0	9.031073256162976e-8	9.031073256162976e-8
0	0.0	8.926258279592333e-8	8.926258279592334e-8
0	0.0	8.822657408379069e-8	8.82265740837907e-8
0	0.0	8.720256612774017e-8	8.720256612774014e-8
0	0.0	8.619042024668811e-8	8.619042024668812e-8
0	0.0	8.518999935740629e-8	8.518999935740626e-8
0	0.0	8.420116795618042e-8	8.420116795618039e-8
0	0.0	8.322379210067906e-8	8.322379210067907e-8
0	0.0	8.225773939202906e-8	8.225773939202904e-8
0	0.0	8.13028789570959e-8	8.130287895709588e-8
0	0.0	8.035908143096653e-8	8.035908143096657e-8
0	0.0	7.942621893963265e-8	7.942621893963262e-8
0	0.0	7.850416508287094e-8	7.850416508287095e-8
0	0.0	7.759279491732038e-8	7.759279491732036e-8
0	0.0	7.66919849397514e-8	7.669198493975141e-8
0	0.0	7.580161307052754e-8	7.580161307052754e-8
0	0.0	7.492155863725531e-8	7.49215586372553e-8
0	0.0	7.405170235862133e-8	7.405170235862133e-8
0	0.0	7.319192632841419e-8	7.319192632841419e-8
0	0.0	7.234211399972889e-8	7.234211399972891e-8
0	0.0	7.150215016935206e-8	7.150215016935204e-8
0	0.0	7.067192096232534e-8	7.067192096232537e-8
0	0.0	6.985131381668597e-8	6.985131381668593e-8
0	0.0	6.904021746838092e-8	6.904021746838094e-8
0	0.0	6.823852193635463e-8	6.823852193635461e-8
0	0.0	6.744611850780622e-8	6.744611850780622e-8
0	0.0	6.666289972361637e-8	6.666289972361634e-8
0	0.0	6.58887593639401e-8	6.588875936394011e-8
0	0.0	6.51235924339648e-8	6.51235924339648e-8
0	0.0	6.436729514983103e-8	6.436729514983103e-8
0	0.0	6.361976492471447e-8	6.361976492471449e-8
0	0.0	6.288090035506712e-8	6.288090035506712e-8
0	0.0	6.215060120701589e-8	6.215060120701593e-8
0	0.0	6.142876840291692e-8	6.142876840291692e-8
0	0.0	6.071530400806364e-8	6.071530400806364e-8
0	0.0	6.001011121754723e-8	6.001011121754722e-8
0	0.0	5.931309434326715e-8	5.931309434326715e-8
0	0.0	5.862415880109059e-8	5.862415880109059e-8
0	0.0	5.7943211098158826e-8	5.794321109815881e-8
0	0.0	5.727015882033882e-8	5.727015882033884e-8
0	0.0	5.6604910619818815e-8	5.660491061981882e-8
0	0.0	5.5947376202845404e-8	5.594737620284541e-8
0	0.0	5.5297466317601586e-8	5.529746631760158e-8
0	0.0	5.4655092742223266e-8	5.465509274222327e-8
0	0.0	5.4020168272953155e-8	5.402016827295315e-8
0	0.0	5.339260671243024e-8	5.339260671243024e-8
0	0.0	5.277232285811354e-8	5.277232285811354e-8
0	0.0	5.215923249083821e-8	5.215923249083822e-8
0	0.0	5.155325236350303e-8	5.1553252363503044e-8
0	0.0	5.0954300189887274e-8	5.0954300189887274e-8
0	0.0	5.036229463359575e-8	5.0362294633595745e-8
0	0.0	4.9777155297130565e-8	4.977715529713055e-8
0	0.0	4.9198802711088016e-8	4.919880271108802e-8
0	0.0	4.862715832347936e-8	4.862715832347934e-8
0	0.0	4.806214448917385e-8	4.806214448917385e-8
0	0.0	4.7503684459462856e-8	4.750368445946287e-8
0	0.0	4.695170237174361e-8	4.695170237174362e-8
0	0.0	4.6406123239320995e-8	4.640612323932099e-8
0	0.0	4.586687294132645e-8	4.586687294132646e-8
0	0.0	4.533387821275243e-8	4.5333878212752424e-8
0	0.0	4.480706663460087e-8	4.480706663460087e-8
0	0.0	4.428636662414485e-8	4.428636662414484e-8
0	0.0	4.377170742530181e-8	4.3771707425301806e-8
0	0.0	4.326301909911711e-8	4.3263019099117107e-8
0	0.0	4.276023251435674e-8	4.276023251435674e-8
0	0.0	4.226327933820798e-8	4.2263279338207986e-8
0	0.0	4.1772092027086514e-8	4.1772092027086514e-8
0	0.0	4.128660381754919e-8	4.1286603817549186e-8
0	0.0	4.080674871731085e-8	4.0806748717310846e-8
0	0.0	4.0332461496364276e-8	4.033246149636428e-8
0	0.0	3.986367767820197e-8	3.986367767820196e-8
0	0.0	3.940033353113856e-8	3.9400333531138533e-8
0	0.0	3.894236605973291e-8	3.8942366059732925e-8
0	0.0	3.8489712996308545e-8	3.8489712996308545e-8
0	0.0	3.80423127925713e-8	3.80423127925713e-8
0	0.0	3.760010461132327e-8	3.760010461132327e-8
0	0.0	3.71630283182718e-8	3.7163028318271785e-8
0	0.0	3.67310244739324e-8	3.67310244739324e-8
0	0.0	3.6304034325624694e-8	3.63040343256247e-8
0	0.0	3.588199979956014e-8	3.588199979956013e-8
0	0.0	3.546486349302059e-8	3.546486349302058e-8
0	0.0	3.505256866662661e-8	3.5052568666626594e-8
0	0.0	3.4645059236694555e-8	3.464505923669457e-8
0	0.0	3.424227976768151e-8	3.42422797676815e-8
0	0.0	3.3844175464716555e-8	3.384417546471656e-8
0	0.0	3.345069216621836e-8	3.3450692166218365e-8
0	0.0	3.306177633659699e-8	3.306177633659699e-8
0	0.0	3.267737505903992e-8	3.267737505903991e-8
0	0.0	3.229743602838055e-8	3.2297436028380555e-8
0	0.0	3.192190754404892e-8	3.1921907544048924e-8
0	0.0	3.155073850310308e-8	3.1550738503103085e-8
0	0.0	3.1183878393340763e-8	3.118387839334077e-8
0	0.0	3.082127728648991e-8	3.082127728648991e-8
0	0.0	3.046288583147763e-8	3.0462885831477636e-8
0	0.0	3.010865524777634e-8	3.010865524777633e-8
0	0.0	2.9758537318826315e-8	2.975853731882631e-8
0	0.0	2.9412484385533952e-8	2.9412484385533956e-8
0	0.0	2.907044933984455e-8	2.9070449339844547e-8
0	0.0	2.8732385618388982e-8	2.8732385618389005e-8
0	0.0	2.8398247196203512e-8	2.839824719620351e-8
0	0.0	2.8067988580521392e-8	2.8067988580521395e-8
0	0.0	2.774156480463631e-8	2.7741564804636312e-8
0	0.0	2.7418931421835897e-8	2.7418931421835894e-8
0	0.0	2.710004449940519e-8	2.7100044499405198e-8
0	0.0	2.6784860612698976e-8	2.6784860612698983e-8
0	0.0	2.647333683928219e-8	2.6473336839282195e-8
0	0.0	2.6165430753137718e-8	2.616543075313772e-8
0	0.0	2.5861100418940757e-8	2.586110041894076e-8
0	0.0	2.5560304386399003e-8	2.5560304386398996e-8
0	0.0	2.526300168465785e-8	2.5263001684657856e-8
0	0.0	2.4969151816769994e-8	2.4969151816770004e-8
0	0.0	2.4678714754228514e-8	2.4678714754228517e-8
0	0.0	2.4391650931562864e-8	2.4391650931562857e-8
0	0.0	2.410792124099698e-8	2.4107921240996988e-8
0	0.0	2.382748702716886e-8	2.3827487027168858e-8
0	0.0	2.3550310081910735e-8	2.3550310081910735e-8
0	0.0	2.3276352639089395e-8	2.3276352639089395e-8
0	0.0	2.3005577369505777e-8	2.3005577369505777e-8
0	0.0	2.2737947375853236e-8	2.2737947375853233e-8
0	0.0	2.247342618773378e-8	2.247342618773378e-8
0	0.0	2.2211977756731655e-8	2.221197775673165e-8
0	0.0	2.1953566451543543e-8	2.195356645154354e-8
0	0.0	2.1698157053164824e-8	2.169815705316483e-8
0	0.0	2.1445714750131224e-8	2.144571475013122e-8
0	0.0	2.1196205133815075e-8	2.1196205133815075e-8
0	0.0	2.09495941937759e-8	2.0949594193775898e-8
0	0.0	2.0705848313164288e-8	2.070584831316429e-8
0	0.0	2.0464934264178767e-8	2.0464934264178764e-8
0	0.0	2.0226819203574884e-8	2.0226819203574884e-8
0	0.0	1.999147066822601e-8	1.9991470668226014e-8
0	0.0	1.9758856570735193e-8	1.9758856570735193e-8
0	0.0	1.952894519509753e-8	1.9528945195097537e-8
0	0.0	1.9301705192412443e-8	1.930170519241244e-8
0	0.0	1.907710557664526e-8	1.9077105576645267e-8
0	0.0	1.8855115720437682e-8	1.8855115720437682e-8
0	0.0	1.8635705350966365e-8	1.863570535096636e-8
0	0.0	1.841884454584921e-8	1.8418844545849208e-8
0	0.0	1.8204503729098797e-8	1.8204503729098797e-8
0	0.0	1.7992653667122355e-8	1.799265366712235e-8
0	0.0	1.778326546476781e-8	1.77832654647678e-8
0	0.0	1.7576310561415338e-8	1.7576310561415328e-8
0	0.0	1.7371760727113925e-8	1.7371760727113925e-8
0	0.0	1.7169588058762426e-8	1.7169588058762426e-8
0	0.0	1.6969764976334522e-8	1.6969764976334525e-8
0	0.0	1.677226421914722e-8	1.6772264219147217e-8
0	0.0	1.6577058842172307e-8	1.6577058842172304e-8
0	0.0	1.6384122212390248e-8	1.6384122212390245e-8
0	0.0	1.6193428005186094e-8	1.6193428005186087e-8
0	0.0	1.6004950200786874e-8	1.6004950200786878e-8
0	0.0	1.58186630807401e-8	1.5818663080740093e-8
0	0.0	1.563454122443267e-8	1.5634541224432672e-8
0	0.0	1.5452559505650054e-8	1.5452559505650054e-8
0	0.0	1.5272693089174952e-8	1.5272693089174952e-8
0	0.0	1.509491742742524e-8	1.5094917427425237e-8
0	0.0	1.4919208257130585e-8	1.4919208257130585e-8
0	0.0	1.4745541596047388e-8	1.4745541596047393e-8
0	0.0	1.4573893739711526e-8	1.457389373971153e-8
0	0.0	1.4404241258228537e-8	1.4404241258228536e-8
0	0.0	1.4236560993100795e-8	1.4236560993100797e-8
0	0.0	1.4070830054091204e-8	1.4070830054091208e-8
0	0.0	1.390702581612307e-8	1.3907025816123065e-8
0	0.0	1.3745125916215644e-8	1.3745125916215644e-8
0	0.0	1.3585108250455071e-8	1.3585108250455073e-8
0	0.0	1.3426950971000144e-8	1.3426950971000139e-8
0	0.0	1.32706324831226e-8	1.3270632483122598e-8
0	0.0	1.3116131442281562e-8	1.3116131442281562e-8
0	0.0	1.2963426751231653e-8	1.2963426751231653e-8
0	0.0	1.2812497557164469e-8	1.2812497557164474e-8
0	0.0	1.266332324888298e-8	1.2663323248882982e-8
0	0.0	1.2515883454008515e-8	1.2515883454008512e-8
0	0.0	1.2370158036219943e-8	1.2370158036219943e-8
0	0.0	1.2226127092524672e-8	1.2226127092524673e-8
0	0.0	1.208377095056112e-8	1.208377095056112e-8
0	0.0	1.1943070165932261e-8	1.1943070165932266e-8
0	0.0	1.180400551956996e-8	1.1804005519569958e-8
0	0.0	1.1666558015129624e-8	1.1666558015129624e-8
0	0.0	1.1530708876414984e-8	1.1530708876414982e-8
0	0.0	1.1396439544832479e-8	1.1396439544832477e-8
0	0.0	1.1263731676875064e-8	1.1263731676875064e-8
0	0.0	1.1132567141635e-8	1.1132567141635e-8
0	0.0	1.1002928018345324e-8	1.1002928018345324e-8
0	0.0	1.0874796593949694e-8	1.0874796593949691e-8
0	0.0	1.0748155360700232e-8	1.0748155360700233e-8
0	0.0	1.062298701378311e-8	1.0622987013783111e-8
0	0.0	1.049927444897148e-8	1.049927444897148e-8
0	0.0	1.0377000760305496e-8	1.0377000760305496e-8
0	0.0	1.0256149237799114e-8	1.0256149237799114e-8
0	0.0	1.0136703365173302e-8	1.0136703365173305e-8
0	0.0	1.0018646817615445e-8	1.0018646817615445e-8
0	0.0	9.901963459564563e-9	9.901963459564561e-9
0	0.0	9.786637342522095e-9	9.786637342522093e-9
0	0.0	9.67265270288794e-9	9.67265270288794e-9
0	0.0	9.559993959821466e-9	9.559993959821466e-9
0	0.0	9.44864571312719e-9	9.448645713127188e-9
0	0.0	9.338592741164853e-9	9.338592741164848e-9
0	0.0	9.22981999878363e-9	9.229819998783627e-9
0	0.0	9.122312615280158e-9	9.122312615280154e-9
0	0.0	9.016055892380127e-9	9.016055892380122e-9
0	0.0	8.911035302243177e-9	8.911035302243174e-9
0	0.0	8.807236485490809e-9	8.807236485490809e-9
0	0.0	8.70464524925707e-9	8.704645249257067e-9
0	0.0	8.6032475652617e-9	8.603247565261702e-9
0	0.0	8.503029567905574e-9	8.503029567905574e-9
0	0.0	8.403977552388076e-9	8.403977552388078e-9
0	0.0	8.306077972846231e-9	8.306077972846231e-9
0	0.0	8.209317440515313e-9	8.209317440515313e-9
0	0.0	8.113682721910673e-9	8.113682721910673e-9
0	0.0	8.019160737030587e-9	8.019160737030587e-9
0	0.0	7.925738557579811e-9	7.92573855757981e-9
0	0.0	7.833403405213669e-9	7.83340340521367e-9
0	0.0	7.742142649802422e-9	7.742142649802424e-9
0	0.0	7.651943807715643e-9	7.651943807715643e-9
0	0.0	7.56279454012644e-9	7.562794540126439e-9
0	0.0	7.474682651335218e-9	7.474682651335218e-9
0	0.0	7.387596087112845e-9	7.387596087112847e-9
0	0.0	7.30152293306291e-9	7.30152293306291e-9
0	0.0	7.216451413002896e-9	7.216451413002898e-9
0	0.0	7.1323698873640835e-9	7.132369887364083e-9
0	0.0	7.0492668516098835e-9	7.049266851609885e-9
0	0.0	6.967130934672489e-9	6.967130934672488e-9
0	0.0	6.885950897407518e-9	6.885950897407519e-9
0	0.0	6.805715631066583e-9	6.805715631066584e-9
0	0.0	6.726414155787427e-9	6.726414155787425e-9
0	0.0	6.648035619101563e-9	6.648035619101562e-9
0	0.0	6.5705692944590965e-9	6.570569294459097e-9
0	0.0	6.494004579770641e-9	6.494004579770642e-9
0	0.0	6.41833099596603e-9	6.41833099596603e-9
0	0.0	6.3435381855697114e-9	6.343538185569711e-9
0	0.0	6.2696159112925846e-9	6.2696159112925846e-9
0	0.0	6.196554054640119e-9	6.196554054640116e-9
0	0.0	6.124342614536531e-9	6.1243426145365304e-9
0	0.0	6.052971705964882e-9	6.05297170596488e-9
0	0.0	5.982431558622876e-9	5.982431558622875e-9
0	0.0	5.912712515594192e-9	5.9127125155941925e-9
0	0.0	5.843805032035164e-9	5.843805032035163e-9
0	0.0	5.775699673876645e-9	5.775699673876643e-9
0	0.0	5.70838711654087e-9	5.70838711654087e-9
0	0.0	5.641858143673143e-9	5.641858143673143e-9
0	0.0	5.576103645888188e-9	5.576103645888188e-9
0	0.0	5.5111146195309815e-9	5.511114619530982e-9
0	0.0	5.44688216545191e-9	5.446882165451908e-9
0	0.0	5.383397487796081e-9	5.38339748779608e-9
0	0.0	5.320651892806639e-9	5.3206518928066405e-9
0	0.0	5.2586367876419044e-9	5.258636787641904e-9
0	0.0	5.197343679206169e-9	5.197343679206168e-9
0	0.0	5.136764172994035e-9	5.136764172994035e-9
0	0.0	5.076889971948113e-9	5.076889971948114e-9
0	0.0	5.017712875329889e-9	5.01771287532989e-9
0	0.0	4.959224777603684e-9	4.959224777603685e-9
0	0.0	4.901417667333499e-9	4.901417667333499e-9
0	0.0	4.8442836260926105e-9	4.8442836260926105e-9
0	0.0	4.7878148273857855e-9	4.787814827385785e-9
0	0.0	4.7320035355839435e-9	4.732003535583945e-9
0	0.0	4.67684210487115e-9	4.676842104871151e-9
0	0.0	4.622322978203774e-9	4.622322978203774e-9
0	0.0	4.568438686281683e-9	4.568438686281682e-9
0	0.0	4.515181846531344e-9	4.515181846531344e-9
0	0.0	4.4625451621006736e-9	4.462545162100674e-9
0	0.0	4.410521420865515e-9	4.410521420865515e-9
0	0.0	4.3591034944476075e-9	4.3591034944476075e-9
0	0.0	4.308284337243905e-9	4.3082843372439056e-9
0	0.0	4.258056985467131e-9	4.258056985467131e-9
0	0.0	4.208414556197425e-9	4.208414556197425e-9
0	0.0	4.159350246444953e-9	4.159350246444954e-9
0	0.0	4.110857332223377e-9	4.110857332223378e-9
0	0.0	4.062929167634012e-9	4.062929167634011e-9
0	0.0	4.01555918396061e-9	4.01555918396061e-9
0	0.0	3.968740888774593e-9	3.968740888774595e-9
0	0.0	3.922467865050647e-9	3.922467865050646e-9
0	0.0	3.876733770292529e-9	3.876733770292528e-9
0	0.0	3.8315323356690204e-9	3.831532335669018e-9
0	0.0	3.786857365159844e-9	3.7868573651598444e-9
0	0.0	3.742702734711481e-9	3.742702734711482e-9
0	0.0	3.699062391402746e-9	3.699062391402747e-9
9.670244657189827e-5	0.0	3.6559303526200217e-9	3.655930352620021e-9
