Plasmid_7	Plasmid_7_noise	Plasmid_7_expression	Plasmid_7_mixture
0.874	0.8458535866412964	0.02873123179742603	0.8745848184387224
0.064375	0.05243635357141409	0.007814284368310205	0.060250637939724294
0.009375	0.008142823117496752	0.004283390770372497	0.012426213887869249
0.004375	0.0014214719166875428	0.0029938716424503086	0.004415343559137851
0.003	0.00026088493473609215	0.002344095792687355	0.0026049807274234472
0.002375	4.921424880639811e-5	0.0019466046910062624	0.0019958189398126603
0.00175	9.445202280037132e-6	0.001673853663106156	0.0016832988653861932
0.001625	1.834119947292221e-6	0.0014729747222764673	0.0014748088422237595
0.000875	3.59188632672644e-7	0.00131788249687257	0.0013182416855052426
0.000625	7.07924472623556e-8	0.001194012656993166	0.0011940834494404283
0.00125	1.4021836019218372e-8	0.001092499685756902	0.0010925137075929214
0.001	2.788308715532388e-9	0.0010076000335024283	0.0010076028218111437
0.001625	5.562576956296539e-10	0.000935413127798138	0.0009354136840558336
0.00075	1.1126804829479576e-10	0.0008731895574201229	0.0008731896686881712
0.000875	2.2306905987609024e-11	0.0008189316104698408	0.0008189316327767468
0.000875	4.480612859886807e-12	0.0007711505014297032	0.000771150505910316
0.0005	9.014646461934922e-13	0.0007287125684261071	0.0007287125693275718
0.000875	1.81626453637241e-13	0.0006907384017753122	0.0006907384019569386
0.000875	3.6639655600832944e-14	0.0006565347083009633	0.0006565347083376029
0.000625	7.399483017349802e-15	0.0006255470999499822	0.0006255470999573816
0.000375	1.4958059663949718e-15	0.0005973266436544868	0.0005973266436559826
0.000375	3.0264079355592994e-16	0.0005715056902300835	0.0005715056902303861
0.0005	6.128004964006473e-17	0.0005477800996276874	0.0005477800996277486
0.000625	1.2417002081490328e-17	0.0005258959630199088	0.0005258959630199213
0.000125	2.5176274771968555e-18	0.0005056395426348655	0.000505639542634868
0.0005	5.107613916318119e-19	0.0004868295510947468	0.0004868295510947473
0.000625	1.0367510116411619e-19	0.00046931115652979486	0.00046931115652979496
0.000375	2.1054322479845484e-20	0.00045295127766391535	0.00045295127766391535
0.000625	4.277611091180734e-21	0.0004376348548546301	0.0004376348548546301
0.000375	8.694393529617658e-22	0.0004232618677696056	0.0004232618677696056
0.000375	1.7678346999711875e-22	0.0004097449301564511	0.0004097449301564511
0.00025	3.595805544038984e-23	0.00039700733491923005	0.00039700733491923005
0.0005	7.316307975101347e-24	0.0003849814536825926	0.0003849814536825926
0.00025	1.4890837662978723e-24	0.0003736074177140101	0.0003736074177140101
0.000375	3.0315778506321963e-25	0.0003628320238787026	0.0003628320238787026
0.000625	6.173517352648426e-26	0.0003526078218725035	0.0003526078218725035
0	1.2574873087922466e-26	0.0003428923484701856	0.0003428923484701856
0.000125	2.5619746257184626e-27	0.00033364748175772	0.00033364748175772
0.00025	5.220837505017066e-28	0.00032483889387088127	0.00032483889387088127
0.0005	1.064128423430735e-28	0.00031643558506167554	0.00031643558506167554
0.000125	2.169358168679378e-29	0.0003084094852662104	0.0003084094852662104
0	4.4233069455689284e-30	0.00030073511197951106	0.00030073511197951106
0.000125	9.020634961582542e-31	0.0002933892753227088	0.0002933892753227088
0.00025	1.8399130779926264e-31	0.00028635082284193017	0.00028635082284193017
0.00025	3.7533919940147376e-32	0.0002796004179011078	0.0002796004179011078
0.000125	7.657966903510128e-33	0.0002731203465949518	0.0002731203465949518
0.000625	1.5626537736949968e-33	0.0002668943489686893	0.0002668943489686893
0	3.1891045870635563e-34	0.0002609074710303847	0.0002609074710303847
0.000125	6.509215962819971e-35	0.000255145934612627	0.000255145934612627
0.000375	1.3287397054182465e-35	0.00024959702260877244	0.00024959702260877244
0.000125	2.7126890964929892e-36	0.0002442489774948829	0.0002442489774948829
0.00025	5.538685794784941e-37	0.00023909091136784446	0.00023909091136784446
0.000375	1.1309877444183036e-37	0.00023411272599545928	0.00023411272599545928
0	2.3096784941020223e-38	0.00022930504159555056	0.00022930504159555056
0.000375	4.717215798130123e-39	0.00022465913324632754	0.00022465913324632754
0.000125	9.63515651131428e-40	0.00022016687398582964	0.00022016687398582964
0.00025	1.9681987703901257e-40	0.00021582068378940412	0.00021582068378940412
0.000125	4.0208208758096545e-41	0.00021161348372506273	0.00021161348372506273
0.00075	8.214754840554883e-42	0.00020753865468064285	0.00020753865468064285
0.0005	1.6784453501550115e-42	0.00020359000013674182	0.00020359000013674182
0.00025	3.429661075024361e-43	0.00019976171252771404	0.00019976171252771404
0	7.008504548361686e-44	0.00019604834279148106	0.00019604834279148106
0.000125	1.432281862226066e-44	0.0001924447727590767	0.0001924447727590767
0.000125	2.927247787842787e-45	0.00018894619007801954	0.00018894619007801954
0	5.982976321190908e-46	0.00018554806540083788	0.00018554806540083788
0.00025	1.2229279783268806e-46	0.00018224613160227455	0.00018224613160227455
0	2.4998233705468167e-47	0.0001790363648166058	0.0001790363648166058
0.000125	5.110244823233685e-48	0.00017591496711075606	0.00017591496711075606
0.0005	1.0447134081256677e-48	0.00017287835063000204	0.00017287835063000204
0.000125	2.1358703600966167e-49	0.0001699231230714808	0.0001699231230714808
0.000125	4.366908451751254e-50	0.00016704607435682418	0.00016704607435682418
0	8.928819013267025e-51	0.00016424416438935762	0.00016424416438935762
0.000625	1.8257191758601788e-51	0.00016151451179368802	0.00016151451179368802
0	3.733303366465649e-52	0.00015885438354640793	0.00015885438354640793
0.000125	7.634336319847017e-53	0.00015626118541624498	0.00015626118541624498
0	1.561231764196595e-53	0.0001537324531404632	0.0001537324531404632
0.00025	3.192867991132622e-54	0.000151265844271824	0.000151265844271824
0.000125	6.529974373585363e-55	0.00014885913063705236	0.00014885913063705236
0.000125	1.33554455235998e-55	0.00014651019135365195	0.00014651019135365195
0.000125	2.731625484333773e-56	0.0001442170063571473	0.0001442170063571473
0.00025	5.58726548957311e-57	0.0001419776503954966	0.0001419776503954966
0	1.142858236751982e-57	0.00013979028745157355	0.00013979028745157355
0.00025	2.3377596796943662e-58	0.00013765316555832994	0.00013765316555832994
0.0005	4.782129967495671e-59	0.0001355646119745674	0.0001355646119745674
0.000375	9.782649124782793e-60	0.00013352302869222018	0.00013352302869222018
0	2.0012657682043164e-60	0.00013152688824871286	0.00013152688824871286
0.0005	4.094169870081321e-61	0.00012957472982035102	0.00012957472982035102
0	8.376052261782902e-62	0.00012766515557485186	0.00012766515557485186
0.000375	1.7136612283372857e-62	0.00012579682726305893	0.00012579682726305893
0	3.5060837947589426e-63	0.00012396846303162898	0.00012396846303162898
0.000125	7.173498454378649e-64	0.0001221788344400531	0.0001221788344400531
0	1.4677456609823805e-64	0.00012042676366679893	0.00012042676366679893
0	3.0031800678626624e-65	0.00011871112089064412	0.00011871112089064412
0	6.145007488860233e-66	0.00011703082183443943	0.00011703082183443943
0.000125	1.257400564685516e-66	0.00011538482545959398	0.00011538482545959398
0	2.5729704694972314e-67	0.00011377213180053505	0.00011377213180053505
0	5.265087626864067e-68	0.0001121917799292656	0.0001121917799292656
0.00025	1.0774219044102874e-68	0.00011064284604093341	0.00011064284604093341
0	2.2048301868006258e-69	0.0001091244416520493	0.0001091244416520493
0.00025	4.5120447887464295e-70	0.00010763571190364649	0.00010763571190364649
0	9.233797319767236e-71	0.00010617583396227428	0.00010617583396227428
0	1.889712477628749e-71	0.0001047440155122656	0.0001047440155122656
0	3.867402433813562e-72	0.00010333949333321902	0.00010333949333321902
0	7.915002134093709e-73	0.00010196153195709209	0.00010196153195709209
0.000375	1.6199087077661268e-73	0.00010060942239972337	0.00010060942239972337
0.00025	3.3154133562773524e-74	9.928248096198277e-5	9.928248096198277e-5
0	6.785662830308346e-75	9.798004809610332e-5	9.798004809610332e-5
0	1.388846148614503e-75	9.67014873330699e-5	9.67014873330699e-5
0	2.842648055876243e-76	9.544618426723762e-5	9.544618426723762e-5
0	5.818338312198609e-77	9.421354559462471e-5	9.421354559462471e-5
0	1.1909172957570669e-77	9.300299820157844e-5	9.300299820157844e-5
0.000125	2.4376470897528595e-78	9.18139883007408e-5	9.18139883007408e-5
0.000125	4.9896088286052747e-79	9.064598061145567e-5	9.064598061145567e-5
0.000125	1.0213355709878421e-79	8.94984575819563e-5	8.94984575819563e-5
0.00025	2.0906270221135613e-80	8.837091865085182e-5	8.837091865085182e-5
0	4.279476669162137e-81	8.726287954560072e-5	8.726287954560072e-5
0.000125	8.760131606555019e-82	8.617387161581269e-5	8.617387161581269e-5
0	1.7932313767863733e-82	8.510344119936566e-5	8.510344119936566e-5
0	3.670858371256849e-83	8.405114901945522e-5	8.405114901945522e-5
0.00025	7.514574664421815e-84	8.301656961081787e-5	8.301656961081787e-5
0.000125	1.5383194535146376e-84	8.199929077348366e-5	8.199929077348366e-5
0	3.149153969737734e-85	8.099891305251833e-5	8.099891305251833e-5
0	6.446832353756823e-86	8.001504924231399e-5	8.001504924231399e-5
0	1.3197870595976192e-86	7.904732391407855e-5	7.904732391407855e-5
0.000125	2.7018812226273878e-87	7.809537296525737e-5	7.809537296525737e-5
0.000125	5.531379205266031e-88	7.715884318970151e-5	7.715884318970151e-5
0.00025	1.1324141869400147e-88	7.623739186746776e-5	7.623739186746776e-5
0	2.3183647223544818e-89	7.53306863732057e-5	7.53306863732057e-5
0.000375	4.74638223172938e-90	7.443840380214939e-5	7.443840380214939e-5
0	9.717354718175825e-91	7.356023061279059e-5	7.356023061279059e-5
0	1.9894714345139782e-91	7.26958622853659e-5	7.26958622853659e-5
0.000125	4.0731609748469274e-92	7.184500299534181e-5	7.184500299534181e-5
0.000125	8.339299430843071e-93	7.100736530112884e-5	7.100736530112884e-5
0.000125	1.7073855594363217e-93	7.018266984530149e-5	7.018266984530149e-5
0	3.4957277285794854e-94	6.937064506864296e-5	6.937064506864296e-5
0	7.157271198194054e-95	6.857102693637195e-5	6.857102693637195e-5
0	1.4654167371808885e-95	6.778355867594585e-5	6.778355867594585e-5
0	3.000395771635184e-96	6.700799052586977e-5	6.700799052586977e-5
0.000375	6.14326982045291e-97	6.624407949497142e-5	6.624407949497142e-5
0	1.2578365550090938e-97	6.549158913163355e-5	6.549158913163355e-5
0.000125	2.5754453458950856e-98	6.475028930250291e-5	6.475028930250291e-5
0	5.273317246127978e-99	6.401995598022166e-5	6.401995598022166e-5
0	1.0797391009699913e-99	6.330037103975133e-5	6.330037103975133e-5
0	2.2108387107764737e-100	6.259132206288389e-5	6.259132206288389e-5
0	4.52687527954329e-101	6.189260215055542e-5	6.189260215055542e-5
0	9.269219646772613e-102	6.12040097425985e-5	6.12040097425985e-5
0	1.8979769395291236e-102	6.05253484445895e-5	6.05253484445895e-5
0	3.886348509538895e-103	5.985642686146448e-5	5.985642686146448e-5
0.000125	7.957846384106507e-104	5.9197058437594494e-5	5.9197058437594494e-5
0	1.629492246011717e-104	5.8547061303027684e-5	5.8547061303027684e-5
0.000125	3.3366597948929664e-105	5.7906258125620295e-5	5.7906258125620295e-5
0.000125	6.832417360980262e-106	5.727447596879338e-5	5.727447596879338e-5
0	1.3990705754065569e-106	5.665154615466449e-5	5.665154615466449e-5
0	2.864887564874918e-107	5.603730413231813e-5	5.603730413231813e-5
0	5.866488390963016e-108	5.543158935098858e-5	5.543158935098858e-5
0	1.2012999890118192e-108	5.4834245137941796e-5	5.4834245137941796e-5
0	2.459955815378486e-109	5.424511858085224e-5	5.424511858085224e-5
0	5.0373910798875585e-110	5.366406041448206e-5	5.366406041448206e-5
0.000125	1.031541045949101e-110	5.309092491147801e-5	5.309092491147801e-5
0	2.1123690513284646e-111	5.2525569777111895e-5	5.2525569777111895e-5
0	4.325690787667879e-112	5.1967856047797446e-5	5.1967856047797446e-5
0.000125	8.858159533977837e-113	5.1417647993226005e-5	5.1417647993226005e-5
0.000375	1.8139855850974204e-113	5.087481302196925e-5	5.087481302196925e-5
0	3.7147229798396095e-114	5.033922159040643e-5	5.033922159040643e-5
0.00025	7.607137384589565e-115	4.981074711483855e-5	4.981074711483855e-5
0.000125	1.5578235822223844e-115	4.9289265886659093e-5	4.9289265886659093e-5
0	3.1901965159069743e-116	4.877465699045745e-5	4.877465699045745e-5
0	6.533091028074577e-117	4.826680222493632e-5	4.826680222493632e-5
0.000125	1.3378950778513605e-117	4.7765586026529686e-5	4.7765586026529686e-5
0	2.739854118730695e-118	4.727089539561407e-5	4.727089539561407e-5
0	5.610929674613657e-119	4.6782619825209814e-5	4.6782619825209814e-5
0	1.1490638935124769e-119	4.630065123207406e-5	4.630065123207406e-5
0	2.353181709855425e-120	4.5824883890091856e-5	4.5824883890091856e-5
0.000125	4.819130089409347e-121	4.535521436587546e-5	4.535521436587546e-5
0	9.869239835941333e-122	4.4891541456486365e-5	4.4891541456486365e-5
0	2.0211595196808457e-122	4.4433766129198425e-5	4.4433766129198425e-5
0	4.1392273789439985e-123	4.3981791463223245e-5	4.3981791463223245e-5
0	8.476952507924669e-124	4.353552259332361e-5	4.353552259332361e-5
0	1.736048922138749e-124	4.3094866655243255e-5	4.3094866655243255e-5
0	3.555378837281208e-125	4.265973273288428e-5	4.265973273288428e-5
0	7.281343035318474e-126	4.223003180716714e-5	4.223003180716714e-5
0	1.4912098291305577e-126	4.1805676706510025e-5	4.1805676706510025e-5
0.000125	3.0539902960453056e-127	4.1386582058868057e-5	4.1386582058868057e-5
0	6.254579976132236e-128	4.097266424527466e-5	4.097266424527466e-5
0	1.2809442340444683e-128	4.0563841354829825e-5	4.0563841354829825e-5
0	2.6233959617378e-129	4.0160033141082904e-5	4.0160033141082904e-5
0	5.372779188848025e-130	3.9761160979759194e-5	3.9761160979759194e-5
0	1.1003621361391446e-130	3.936714782778176e-5	3.936714782778176e-5
0	2.253584036414807e-131	3.897791818354224e-5	3.897791818354224e-5
0.000125	4.615442318219797e-132	3.859339804837599e-5	3.859339804837599e-5
0.000125	9.452666252780716e-133	3.821351488919879e-5	3.821351488919879e-5
0	1.93596153672741e-133	3.783819760226424e-5	3.783819760226424e-5
0	3.964975475302946e-134	3.7467376478002255e-5	3.7467376478002255e-5
0.000125	8.120553736490399e-135	3.710098316690128e-5	3.710098316690128e-5
0	1.6631526809009055e-135	3.673895064639764e-5	3.673895064639764e-5
0.000125	3.406276597527551e-136	3.638121318873735e-5	3.638121318873735e-5
0.000125	6.976361797450248e-137	3.602770632977689e-5	3.602770632977689e-5
0.000125	1.4288260279368302e-137	3.56783668386909e-5	3.56783668386909e-5
0	2.926381639735627e-138	3.533313268855588e-5	3.533313268855588e-5
0.000125	5.993545502145695e-139	3.499194302778026e-5	3.499194302778026e-5
0.000125	1.227546248959386e-139	3.4654738152352255e-5	3.4654738152352255e-5
0	2.5141611690485375e-140	3.4321459478878216e-5	3.4321459478878216e-5
0	5.1493159586094943e-141	3.3992049518384994e-5	3.3992049518384994e-5
0	1.05464700483693e-141	3.366645185086097e-5	3.366645185086097e-5
0	2.1600601512021124e-142	3.334461110051153e-5	3.334461110051153e-5
0	4.424107664213153e-143	3.3026472911705264e-5	3.3026472911705264e-5
0	9.061219119680327e-144	3.271198392558841e-5	3.271198392558841e-5
0	1.8558747541470624e-144	3.240109175734593e-5	3.240109175734593e-5
0	3.8011216102630454e-145	3.209374497408799e-5	3.209374497408799e-5
0	7.785310121581702e-146	3.178989307334203e-5	3.178989307334203e-5
0.000125	1.594560882237488e-146	3.1489486462130685e-5	3.1489486462130685e-5
0	3.2659333272973477e-147	3.119247643661711e-5	3.119247643661711e-5
0	6.68920533650604e-148	3.089881516229951e-5	3.089881516229951e-5
0	1.3700699133164536e-148	3.06084556547377e-5	3.06084556547377e-5
0.00025	2.8061566071763436e-149	3.0321351760794612e-5	3.0321351760794612e-5
0	5.747540478238129e-150	3.003745814037728e-5	3.003745814037728e-5
0	1.177207760260469e-150	2.9756730248660787e-5	2.9756730248660787e-5
0	2.4111549659649594e-151	2.947912431878116e-5	2.947912431878116e-5
0	4.938533976702011e-152	2.9204597344982032e-5	2.9204597344982032e-5
0	1.011513934081007e-152	2.893310706620149e-5	2.893310706620149e-5
0.000125	2.0717940479336812e-153	2.8664611950085534e-5	2.8664611950085534e-5
0	4.243480066085342e-154	2.839907117741511e-5	2.839907117741511e-5
0	8.691577611492031e-155	2.8136444626934303e-5	2.8136444626934303e-5
0	1.780229143633874e-155	2.7876692860567387e-5	2.7876692860567387e-5
0	3.646313751513496e-156	2.761977710901329e-5	2.761977710901329e-5
0	7.468493141464796e-157	2.736565925770605e-5	2.736565925770605e-5
0	1.529722827711102e-157	2.7114301833130302e-5	2.7114301833130302e-5
0	3.1332374330641313e-158	2.686566798948147e-5	2.686566798948147e-5
0	6.417629648751827e-159	2.6619721495660285e-5	2.6619721495660285e-5
0	1.3144884351891463e-159	2.6376426722591933e-5	2.6376426722591933e-5
0	2.6924004248322117e-160	2.6135748630860363e-5	2.6135748630860363e-5
0	5.514717655606112e-161	2.5897652758648444e-5	2.5897652758648444e-5
0.000125	1.129555705701272e-161	2.566210520997518e-5	2.566210520997518e-5
0.000125	2.313623856400846e-162	2.5429072643221516e-5	2.5429072643221516e-5
0	4.7389112097166014e-163	2.5198522259936166e-5	2.5198522259936166e-5
0	9.706554483468118e-164	2.497042179391379e-5	2.497042179391379e-5
0.000125	1.988164514663557e-164	2.474473950053745e-5	2.474473950053745e-5
0	4.072304327587014e-165	2.4521444146378097e-5	2.4521444146378097e-5
0	8.341205281387653e-166	2.4300504999043587e-5	2.4300504999043587e-5
0	1.7085121012943246e-166	2.408189181727047e-5	2.408189181727047e-5
0	3.4995158513244464e-167	2.3865574841251503e-5	2.3865574841251503e-5
0	7.168008591721239e-168	2.3651524783192516e-5	2.3651524783192516e-5
0	1.4682151673366098e-168	2.3439712818092096e-5	2.3439712818092096e-5
0.000125	3.00733301897341e-169	2.323011057473796e-5	2.323011057473796e-5
0	6.159904189077067e-170	2.302269012691428e-5	2.302269012691428e-5
0	1.2617316602419322e-170	2.2817423984813687e-5	2.2817423984813687e-5
0	2.584405427645614e-171	2.2614285086648913e-5	2.2614285086648913e-5
0	5.293645802189489e-172	2.2413246790458217e-5	2.2413246790458217e-5
0	1.0843005963627669e-172	2.2214282866099546e-5	2.2214282866099546e-5
0	2.2209822510130325e-173	2.201736748742835e-5	2.201736748742835e-5
0	4.549262998358858e-174	2.182247522465393e-5	2.182247522465393e-5
0	9.318318671896211e-175	2.162958103686982e-5	2.162958103686982e-5
0	1.908686586468909e-175	2.143866026475335e-5	2.143866026475335e-5
0	3.909599093126239e-176	2.124968862342985e-5	2.124968862342985e-5
0	8.008116123236427e-177	2.106264219549748e-5	2.106264219549748e-5
0.000125	1.6403216765655503e-177	2.0877497424208015e-5	2.0877497424208015e-5
0	3.35991432581292e-178	2.069423110679979e-5	2.069423110679979e-5
0	6.882209563968653e-179	2.0512820387978755e-5	2.0512820387978755e-5
0	1.4097044948752108e-179	2.033324275354373e-5	2.033324275354373e-5
0	2.887545067642484e-180	2.0155476024152177e-5	2.0155476024152177e-5
0	5.914662195407942e-181	1.9979498349222833e-5	1.9979498349222833e-5
0	1.2115228258841018e-181	1.9805288200971708e-5	1.9805288200971708e-5
0.000125	2.481611138170127e-182	1.9632824368577983e-5	1.9632824368577983e-5
0	5.083189789656754e-183	1.9462085952476552e-5	1.9462085952476552e-5
0	1.0412125170695812e-183	1.9293052358773953e-5	1.9293052358773953e-5
0	2.1327644286634844e-184	1.9125703293784545e-5	1.9125703293784545e-5
0	4.368645890890325e-185	1.89600187586839e-5	1.89600187586839e-5
0	8.948520519020746e-186	1.8795979044276527e-5	1.8795979044276527e-5
0	1.8329729944617058e-186	1.8633564725875003e-5	1.8633564725875003e-5
0	3.754579648750703e-187	1.8472756658287715e-5	1.8472756658287715e-5
0	7.690719962710262e-188	1.831353597091254e-5	1.831353597091254e-5
0	1.5753356049262747e-188	1.8155884062933884e-5	1.8155884062933884e-5
0	3.226856022699132e-189	1.7999782598620448e-5	1.7999782598620448e-5
0	6.609772172809388e-190	1.7845213502721266e-5	1.7845213502721266e-5
0	1.353922448875239e-190	1.7692158955957706e-5	1.7692158955957706e-5
0	2.7733295482910114e-191	1.754060139060888e-5	1.754060139060888e-5
0	5.68080070659379e-192	1.739052348618843e-5	1.739052348618843e-5
0	1.1636383020611146e-192	1.7241908165210355e-5	1.7241908165210355e-5
0	2.3835641025051805e-193	1.709473858904165e-5	1.709473858904165e-5
0	4.882430081573537e-194	1.6948998153839907e-5	1.6948998153839907e-5
0	1.0001049856236931e-194	1.680467048657358e-5	1.680467048657358e-5
0	2.048592174771943e-195	1.666173944112309e-5	1.666173944112309e-5
0	4.19629275298261e-196	1.6520189094460858e-5	1.6520189094460858e-5
0	8.595603927914923e-197	1.6380003742908292e-5	1.6380003742908292e-5
0	1.7607080683111163e-197	1.6241167898467982e-5	1.6241167898467982e-5
0.000125	3.606605577838694e-198	1.6103666285229377e-5	1.6103666285229377e-5
0	7.387717459377834e-199	1.5967483835846088e-5	1.5967483835846088e-5
0	1.5132902443410026e-199	1.5832605688083256e-5	1.5832605688083256e-5
0	3.099805962008343e-200	1.56990171814333e-5	1.56990171814333e-5
0	6.3496107643773794e-201	1.556670385379852e-5	1.556670385379852e-5
0	1.3006486981111157e-201	1.543565143823891e-5	1.543565143823891e-5
0	2.664239271674222e-202	1.5305845859783776e-5	1.5305845859783776e-5
0	5.457412033563379e-203	1.5177273232305586e-5	1.5177273232305586e-5
0	1.1178938363765808e-203	1.5049919855454764e-5	1.5049919855454764e-5
0.000125	2.2898902795800518e-204	1.4923772211653934e-5	1.4923772211653934e-5
0.000125	4.690607304552595e-205	1.4798816963150299e-5	1.4798816963150299e-5
0.000125	9.60823824447789e-206	1.4675040949124834e-5	1.4675040949124834e-5
0	1.9681524372159857e-206	1.4552431182856976e-5	1.4552431182856976e-5
0	4.0315679003012526e-207	1.4430974848943667e-5	1.4430974848943667e-5
0	8.25827798961438e-208	1.4310659300571432e-5	1.4310659300571432e-5
0.000125	1.6916296405448792e-208	1.4191472056840271e-5	1.4191472056840271e-5
0	3.4651444155799963e-209	1.4073400800138411e-5	1.4073400800138411e-5
0	7.09802710019275e-210	1.3956433373566518e-5	1.3956433373566518e-5
0	1.4539659094099279e-210	1.3840557778410497e-5	1.3840557778410497e-5
0	2.978317872354509e-211	1.3725762171661689e-5	1.3725762171661689e-5
0	6.100818719000528e-212	1.3612034863583506e-5	1.3612034863583506e-5
0	1.2496990469538077e-212	1.349936431532334e-5	1.349936431532334e-5
0	2.559899988124148e-213	1.3387739136568964e-5	1.3387739136568964e-5
0	5.243735725228101e-214	1.3277148083248299e-5	1.3277148083248299e-5
0	1.0741349002751473e-214	1.3167580055271637e-5	1.3167580055271637e-5
0	2.2002756375880816e-215	1.3059024094315488e-5	1.3059024094315488e-5
0	4.507083245361187e-216	1.2951469381647008e-5	1.2951469381647008e-5
0	9.232393200696857e-217	1.2844905235988307e-5	1.2844905235988307e-5
0.000125	1.8911815638449753e-217	1.2739321111419596e-5	1.2739321111419596e-5
0	3.873935407439754e-218	1.2634706595320543e-5	1.2634706595320543e-5
0	7.935453262381555e-219	1.2531051406348854e-5	1.2531051406348854e-5
0	1.625516233388644e-219	1.242834539245538e-5	1.242834539245538e-5
0	3.3297458820217654e-220	1.2326578528934958e-5	1.2326578528934958e-5
0	6.820733379067031e-221	1.222574091651224e-5	1.222574091651224e-5
0	1.3971764489209654e-221	1.2125822779461785e-5	1.2125822779461785e-5
0	2.862013227183278e-222	1.2026814463761657e-5	1.2026814463761657e-5
0	5.8626262816573916e-223	1.1928706435279831e-5	1.1928706435279831e-5
0	1.2009169521874408e-223	1.1831489277992829e-5	1.1831489277992829e-5
0	2.4599933208804385e-224	1.1735153692235739e-5	1.1735153692235739e-5
0	5.0391242310017035e-225	1.1639690492983157e-5	1.1639690492983157e-5
0	1.03222978000425e-225	1.1545090608160229e-5	1.1545090608160229e-5
0	2.1144522513849285e-226	1.1451345076983377e-5	1.1451345076983377e-5
0	4.331312873758647e-227	1.1358445048329898e-5	1.1358445048329898e-5
0	8.872405927108007e-228	1.1266381779135988e-5	1.1266381779135988e-5
0	1.8174539705131505e-228	1.1175146632822575e-5	1.1175146632822575e-5
0	3.7229362993032204e-229	1.1084731077748352e-5	1.1084731077748352e-5
0	7.626195860271316e-230	1.0995126685689544e-5	1.0995126685689544e-5
0	1.5621778166616627e-230	1.0906325130345768e-5	1.0906325130345768e-5
0	3.2000232762510616e-231	1.081831818587157e-5	1.081831818587157e-5
0	6.555049338029901e-232	1.0731097725433028e-5	1.0731097725433028e-5
0	1.3427617038341936e-232	1.0644655719788981e-5	1.0644655719788981e-5
0	2.7505660586173906e-233	1.0558984235896385e-5	1.0558984235896385e-5
0	5.634369982128292e-234	1.0474075435539246e-5	1.0474075435539246e-5
0	1.1541673648659855e-234	1.0389921573980856e-5	1.0389921573980856e-5
0	2.3642443641110387e-235	1.0306514998638545e-5	1.0306514998638545e-5
0	4.843017922735474e-236	1.0223848147780917e-5	1.0223848147780917e-5
0	9.92064545629714e-237	1.0141913549246708e-5	1.0141913549246708e-5
0.000125	2.0321881686642932e-237	1.0060703819185186e-5	1.0060703819185186e-5
0	4.1628239288863455e-238	9.980211660817504e-6	9.980211660817504e-6
0	8.52731483916661e-239	9.900429863218561e-6	9.900429863218561e-6
0	1.7467738561248251e-239	9.821351300119125e-6	9.821351300119125e-6
0	3.5781718589041746e-240	9.742968928727697e-6	9.742968928727697e-6
0	7.329693820363875e-241	9.665275788571779e-6	9.665275788571779e-6
0	1.5014490307888946e-241	9.588265000358185e-6	9.588265000358185e-6
0	3.0756398200066143e-242	9.51192976485201e-6	9.51192976485201e-6
0	6.300289046502482e-243	9.43626336177391e-6	9.43626336177391e-6
0	1.2905819609147922e-243	9.361259148715346e-6	9.361259148715346e-6
0	2.643691778998614e-244	9.286910560071427e-6	9.286910560071427e-6
0.000125	5.415470104040555e-245	9.213211105991057e-6	9.213211105991057e-6
0	1.1093321887900656e-245	9.14015437134407e-6	9.14015437134407e-6
0	2.2724125281393603e-246	9.067734014704901e-6	9.067734014704901e-6
0	4.654926639569389e-247	8.995943767352694e-6	8.995943767352694e-6
0	9.535393304499325e-248	8.924777432287373e-6	8.924777432287373e-6
0	1.9532799087923597e-248	8.85422888326144e-6	8.85422888326144e-6
0	4.0012017951630175e-249	8.784292063827209e-6	8.784292063827209e-6
0	8.196275070195378e-250	8.714960986399157e-6	8.714960986399157e-6
0	1.6789690533941886e-250	8.646229731331186e-6	8.646229731331186e-6
0	3.439291227067151e-251	8.578092446008388e-6	8.578092446008388e-6
0	7.045232095537523e-252	8.510543343953212e-6	8.510543343953212e-6
0	1.4431841434191996e-252	8.443576703945634e-6	8.443576703945634e-6
0	2.9562984858083966e-253	8.377186869157121e-6	8.377186869157121e-6
0	6.0558470848430964e-254	8.311368246298166e-6	8.311368246298166e-6
0	1.24051381439264e-254	8.246115304779105e-6	8.246115304779105e-6
0	2.541138833081409e-255	8.181422575883965e-6	8.181422575883965e-6
0	5.205413844924089e-256	8.117284651957177e-6	8.117284651957177e-6
0	1.0663068832300504e-256	8.053696185602855e-6	8.053696185602855e-6
0	2.1842846854597748e-257	7.990651888896394e-6	7.990651888896394e-6
0	4.474415859369492e-258	7.92814653260827e-6	7.92814653260827e-6
0	9.165655408134971e-259	7.866174945439742e-6	7.866174945439742e-6
0	1.8775468327915822e-259	7.804732013270195e-6	7.804732013270195e-6
0	3.846078141506462e-260	7.743812678416099e-6	7.743812678416099e-6
0	7.878535545411156e-261	7.683411938901138e-6	7.683411938901138e-6
0	1.6138864021741815e-261	7.623524847737527e-6	7.623524847737527e-6
0	3.30598206493107e-262	7.564146512218169e-6	7.564146512218169e-6
0	6.772173708724643e-263	7.505272093219534e-6	7.505272093219534e-6
0	1.3872532456323836e-263	7.44689680451505e-6	7.44689680451505e-6
0	2.8417343190809825e-264	7.389015912098829e-6	7.389015912098829e-6
0	5.821183045979328e-265	7.331624733519557e-6	7.331624733519557e-6
0	1.1924470373535482e-265	7.274718637224309e-6	7.274718637224309e-6
0	2.4426823821088383e-266	7.2182930419122024e-6	7.2182930419122024e-6
0	5.003742565254189e-267	7.162343415897696e-6	7.162343415897696e-6
0	1.0249978885688528e-267	7.106865276483279e-6	7.106865276483279e-6
0	2.0996699729939757e-268	7.051854189341556e-6	7.051854189341556e-6
0	4.301096203766861e-269	6.9973057679063695e-6	6.9973057679063695e-6
0	8.810637369451506e-270	6.943215672772979e-6	6.943215672772979e-6
0	1.804826864046578e-270	6.8895796111070284e-6	6.8895796111070284e-6
0	3.6971222796717375e-271	6.8363933360622026e-6	6.8363933360622026e-6
0	7.573421530056979e-272	6.783652646206413e-6	6.783652646206413e-6
0	1.5513882248878057e-272	6.731353384956344e-6	6.731353384956344e-6
0	3.1779634354348783e-273	6.679491440020271e-6	6.679491440020271e-6
0	6.509945375126923e-274	6.628062742848963e-6	6.628062742848963e-6
0	1.3335393478248313e-274	6.5770632680945435e-6	6.5770632680945435e-6
0	2.7317085719855903e-275	6.526489033077184e-6	6.526489033077184e-6
0	5.595809685521144e-276	6.476336097259503e-6	6.476336097259503e-6
0	1.1462821879122119e-276	6.426600561728548e-6	6.426600561728548e-6
0	2.348119467770184e-277	6.37727856868516e-6	6.37727856868516e-6
0	4.8100420181922764e-278	6.328366300940732e-6	6.328366300940732e-6
0	9.853206523314049e-279	6.279859981421111e-6	6.279859981421111e-6
0	2.0183958037367146e-279	6.231755872677603e-6	6.231755872677603e-6
0.000125	4.1346153794538327e-280	6.184050276404924e-6	6.184050276404924e-6
0	8.46962004568727e-281	6.136739532965996e-6	6.136739532965996e-6
0	1.7349731977957423e-281	6.089820020923497e-6	6.089820020923497e-6
0	3.5540345147483985e-282	6.043288156577989e-6	6.043288156577989e-6
0	7.280321191440161e-283	5.997140393512613e-6	5.997140393512613e-6
0	1.491349610741531e-283	5.951373222144132e-6	5.951373222144132e-6
0	3.054980314538311e-284	5.905983169280318e-6	5.905983169280318e-6
0	6.258026408584341e-285	5.860966797683542e-6	5.860966797683542e-6
0	1.281936137431695e-285	5.816320705640412e-6	5.816320705640412e-6
0	2.626004171076936e-286	5.772041526537457e-6	5.772041526537457e-6
0	5.379283760109762e-287	5.7281259284427055e-6	5.7281259284427055e-6
0	1.1019287572068989e-287	5.684570613693068e-6	5.684570613693068e-6
0	2.2572652682673917e-288	5.641372318487409e-6	5.641372318487409e-6
0.000125	4.623934780709425e-289	5.598527812485281e-6	5.598527812485281e-6
0	9.471980989713052e-290	5.556033898411181e-6	5.556033898411181e-6
0	1.9403047729733026e-290	5.5138874116642085e-6	5.5138874116642085e-6
0.000125	3.9746519229332896e-291	5.472085219933158e-6	5.472085219933158e-6
0	8.14194690122038e-292	5.430624222816796e-6	5.430624222816796e-6
0	1.667851743689404e-292	5.389501351449399e-6	5.389501351449399e-6
0	3.4165409737175785e-293	5.348713568131366e-6	5.348713568131366e-6
0	6.998675141270979e-294	5.308257865964844e-6	5.308257865964844e-6
0	1.4336563009014307e-294	5.268131268494326e-6	5.268131268494326e-6
0	2.9367993143071817e-295	5.228330829352105e-6	5.228330829352105e-6
0	6.015940071823506e-296	5.188853631908527e-6	5.188853631908527e-6
0	1.2323462295100747e-296	5.149696788926939e-6	5.149696788926939e-6
0	2.5244221789636843e-297	5.110857442223316e-6	5.110857442223316e-6
0	5.17119887056336e-298	5.0723327623304375e-6	5.0723327623304375e-6
0	1.0593037217571243e-298	5.0341199481665645e-6	5.0341199481665645e-6
0	2.1699501700071538e-299	4.996216226708546e-6	4.996216226708546e-6
0	4.445074329948636e-300	4.958618852669315e-6	4.958618852669315e-6
0	9.105594315406881e-301	4.921325108179625e-6	4.921325108179625e-6
0	1.8652522340115003e-301	4.884332302474076e-6	4.884332302474076e-6
0	3.820910295948657e-302	4.847637771581261e-6	4.847637771581261e-6
0	7.827014084699281e-303	4.811238878018028e-6	4.811238878018028e-6
0	1.6033391181322792e-303	4.775133010487788e-6	4.775133010487788e-6
0	3.284389543283498e-304	4.739317583582778e-6	4.739317583582778e-6
0	6.727968216224455e-305	4.703790037490259e-6	4.703790037490259e-6
0	1.3782030253019984e-305	4.668547837702557e-6	4.668547837702557e-6
0	2.8232053173483097e-306	4.633588474730907e-6	4.633588474730907e-6
0	5.783246765792222e-307	4.598909463823033e-6	4.598909463823033e-6
0	1.184679788461173e-307	4.564508344684429e-6	4.564508344684429e-6
0	2.426779004980191e-308	4.530382681203225e-6	4.530382681203225e-6
0	4.971179816693294e-309	4.496530061178681e-6	4.496530061178681e-6
0	1.01833040092196e-309	4.4629480960531675e-6	4.4629480960531675e-6
0	2.0860174551022e-310	4.429634420647613e-6	4.429634420647613e-6
0	4.2731403625696e-311	4.396586692900375e-6	4.396586692900375e-6
0.000125	8.75339184256e-312	4.363802593609489e-6	4.363802593609489e-6
0	1.793104380384e-312	4.331279826178206e-6	4.331279826178206e-6
0	3.67311700365e-313	4.299016116363812e-6	4.299016116363812e-6
0	7.524262574e-314	4.267009212029657e-6	4.267009212029657e-6
0	1.541321056e-314	4.235256882900368e-6	4.235256882900368e-6
0	3.157346697e-315	4.203756920320163e-6	4.203756920320163e-6
0	6.4677228e-316	4.172507137014262e-6	4.172507137014262e-6
0	1.32489157e-316	4.141505366853318e-6	4.141505366853318e-6
0	2.713992e-317	4.110749464620836e-6	4.110749464620836e-6
0	5.559503e-318	4.0802373057835525e-6	4.0802373057835525e-6
0	1.13868e-318	4.049966786264689e-6	4.049966786264689e-6
0	2.333e-319	4.0199358222200845e-6	4.0199358222200845e-6
0	4.7445e-320	3.9901423498171415e-6	3.9901423498171415e-6
0	9.634e-321	3.960584325016542e-6	3.960584325016542e-6
0	1.956e-321	3.931259723356708e-6	3.931259723356708e-6
0	3.95e-322	3.902166539740953e-6	3.902166539740953e-6
0	8.0e-323	3.873302788227295e-6	3.873302788227295e-6
0	2.0e-323	3.8446665018208886e-6	3.8446665018208886e-6
0	5.0e-324	3.8162557322690415e-6	3.8162557322690415e-6
0	0.0	3.7880685498587702e-6	3.7880685498587702e-6
0	0.0	3.760103043216876e-6	3.760103043216876e-6
0	0.0	3.7323573191124706e-6	3.7323573191124706e-6
0	0.0	3.704829502261982e-6	3.704829502261982e-6
0	0.0	3.677517735136518e-6	3.677517735136518e-6
0	0.0	3.650420177771633e-6	3.650420177771633e-6
0	0.0	3.623535007579408e-6	3.623535007579408e-6
0	0.0	3.5968604191628543e-6	3.5968604191628543e-6
0	0.0	3.5703946241325633e-6	3.5703946241325633e-6
0	0.0	3.5441358509256256e-6	3.5441358509256256e-6
0	0.0	3.5180823446267275e-6	3.5180823446267275e-6
0	0.0	3.4922323667914457e-6	3.4922323667914457e-6
0	0.0	3.4665841952716802e-6	3.4665841952716802e-6
0	0.0	3.4411361240431976e-6	3.4411361240431976e-6
0	0.0	3.4158864630352733e-6	3.4158864630352733e-6
0	0.0	3.390833537962381e-6	3.390833537962381e-6
0	0.0	3.365975690157917e-6	3.365975690157917e-6
0	0.0	3.341311276409937e-6	3.341311276409937e-6
0	0.0	3.3168386687988277e-6	3.3168386687988277e-6
0	0.0	3.2925562545369786e-6	3.2925562545369786e-6
0	0.0	3.268462435810335e-6	3.268462435810335e-6
0	0.0	3.2445556296218527e-6	3.2445556296218527e-6
0	0.0	3.220834267636832e-6	3.220834267636832e-6
0	0.0	3.197296796030083e-6	3.197296796030083e-6
0	0.0	3.173941675334909e-6	3.173941675334909e-6
0	0.0	3.150767380293878e-6	3.150767380293878e-6
0	0.0	3.1277723997113792e-6	3.1277723997113792e-6
0	0.0	3.1049552363079034e-6	3.1049552363079034e-6
0	0.0	3.082314406576053e-6	3.082314406576053e-6
0	0.0	3.0598484406382506e-6	3.0598484406382506e-6
0	0.0	3.037555882106113e-6	3.037555882106113e-6
0	0.0	3.0154352879414887e-6	3.0154352879414887e-6
0	0.0	2.99348522831912e-6	2.99348522831912e-6
0	0.0	2.971704286490904e-6	2.971704286490904e-6
0	0.0	2.950091058651753e-6	2.950091058651753e-6
0	0.0	2.9286441538070142e-6	2.9286441538070142e-6
0	0.0	2.9073621936414283e-6	2.9073621936414283e-6
0	0.0	2.886243812389623e-6	2.886243812389623e-6
0	0.0	2.865287656708101e-6	2.865287656708101e-6
0	0.0	2.8444923855487107e-6	2.8444923855487107e-6
0	0.0	2.8238566700335894e-6	2.8238566700335894e-6
0	0.0	2.8033791933315367e-6	2.8033791933315367e-6
0	0.0	2.783058650535829e-6	2.783058650535829e-6
0	0.0	2.7628937485434335e-6	2.7628937485434335e-6
0	0.0	2.7428832059356004e-6	2.7428832059356004e-6
0	0.0	2.72302575285985e-6	2.72302575285985e-6
0	0.0	2.70332013091328e-6	2.70332013091328e-6
0	0.0	2.6837650930272363e-6	2.6837650930272363e-6
0	0.0	2.664359403353281e-6	2.664359403353281e-6
0	0.0	2.6451018371504666e-6	2.6451018371504666e-6
0	0.0	2.625991180673898e-6	2.625991180673898e-6
0	0.0	2.6070262310645564e-6	2.6070262310645564e-6
0	0.0	2.5882057962403667e-6	2.5882057962403667e-6
0	0.0	2.5695286947885087e-6	2.5695286947885087e-6
0	0.0	2.550993755858949e-6	2.550993755858949e-6
0	0.0	2.532599819059155e-6	2.532599819059155e-6
0	0.0	2.5143457343500176e-6	2.5143457343500176e-6
0	0.0	2.4962303619429364e-6	2.4962303619429364e-6
0	0.0	2.478252572198058e-6	2.478252572198058e-6
0	0.0	2.460411245523664e-6	2.460411245523664e-6
0	0.0	2.4427052722766782e-6	2.4427052722766782e-6
0	0.0	2.4251335526642873e-6	2.4251335526642873e-6
0	0.0	2.4076949966466714e-6	2.4076949966466714e-6
0	0.0	2.3903885238408043e-6	2.3903885238408043e-6
0	0.0	2.373213063425328e-6	2.373213063425328e-6
0	0.0	2.356167554046497e-6	2.356167554046497e-6
0	0.0	2.339250943725147e-6	2.339250943725147e-6
0	0.0	2.3224621897647112e-6	2.3224621897647112e-6
0	0.0	2.3058002586602443e-6	2.3058002586602443e-6
0	0.0	2.2892641260084554e-6	2.2892641260084554e-6
0	0.0	2.2728527764187355e-6	2.2728527764187355e-6
0	0.0	2.256565203425155e-6	2.256565203425155e-6
0	0.0	2.240400409399445e-6	2.240400409399445e-6
0	0.0	2.224357405464919e-6	2.224357405464919e-6
0	0.0	2.20843521141135e-6	2.20843521141135e-6
0	0.0	2.1926328556107707e-6	2.1926328556107707e-6
0	0.0	2.1769493749341973e-6	2.1769493749341973e-6
0	0.0	2.161383814669268e-6	2.161383814669268e-6
0.000125	0.0	2.1459352284387694e-6	2.1459352284387694e-6
0	0.0	2.130602678120056e-6	2.130602678120056e-6
0	0.0	2.1153852337653436e-6	2.1153852337653436e-6
0	0.0	2.1002819735228707e-6	2.1002819735228707e-6
0	0.0	2.0852919835589066e-6	2.0852919835589066e-6
0	0.0	2.0704143579806147e-6	2.0704143579806147e-6
0.000125	0.0	2.055648198759735e-6	2.055648198759735e-6
0	0.0	2.040992615657104e-6	2.040992615657104e-6
0	0.0	2.0264467261479822e-6	2.0264467261479822e-6
0	0.0	2.012009655348178e-6	2.012009655348178e-6
0	0.0	1.9976805359409792e-6	1.9976805359409792e-6
0	0.0	1.9834585081048576e-6	1.9834585081048576e-6
0	0.0	1.9693427194419475e-6	1.9693427194419475e-6
0	0.0	1.955332324907298e-6	1.955332324907298e-6
0	0.0	1.9414264867388777e-6	1.9414264867388777e-6
0	0.0	1.9276243743883202e-6	1.9276243743883202e-6
0	0.0	1.9139251644524103e-6	1.9139251644524103e-6
0	0.0	1.9003280406053053e-6	1.9003280406053053e-6
0	0.0	1.8868321935314648e-6	1.8868321935314648e-6
0	0.0	1.8734368208593076e-6	1.8734368208593076e-6
0	0.0	1.8601411270955487e-6	1.8601411270955487e-6
0	0.0	1.8469443235602602e-6	1.8469443235602602e-6
0	0.0	1.8338456283225873e-6	1.8338456283225873e-6
0	0.0	1.8208442661371665e-6	1.8208442661371665e-6
0	0.0	1.807939468381199e-6	1.807939468381199e-6
0	0.0	1.7951304729921983e-6	1.7951304729921983e-6
0	0.0	1.782416524406379e-6	1.782416524406379e-6
0	0.0	1.7697968734976983e-6	1.7697968734976983e-6
0	0.0	1.7572707775175378e-6	1.7572707775175378e-6
0	0.0	1.7448375000350169e-6	1.7448375000350169e-6
0	0.0	1.7324963108779188e-6	1.7324963108779188e-6
0	0.0	1.7202464860742544e-6	1.7202464860742544e-6
0	0.0	1.7080873077944106e-6	1.7080873077944106e-6
0	0.0	1.6960180642939167e-6	1.6960180642939167e-6
0	0.0	1.6840380498568053e-6	1.6840380498568053e-6
0	0.0	1.6721465647395519e-6	1.6721465647395519e-6
0	0.0	1.660342915115604e-6	1.660342915115604e-6
0	0.0	1.6486264130204766e-6	1.6486264130204766e-6
0	0.0	1.6369963762974267e-6	1.6369963762974267e-6
0	0.0	1.6254521285436795e-6	1.6254521285436795e-6
0	0.0	1.613992999057208e-6	1.613992999057208e-6
0	0.0	1.6026183227840724e-6	1.6026183227840724e-6
0	0.0	1.5913274402662834e-6	1.5913274402662834e-6
0	0.0	1.5801196975902188e-6	1.5801196975902188e-6
0	0.0	1.5689944463355577e-6	1.5689944463355577e-6
0	0.0	1.5579510435247404e-6	1.5579510435247404e-6
0	0.0	1.5469888515729482e-6	1.5469888515729482e-6
0	0.0	1.5361072382385933e-6	1.5361072382385933e-6
0	0.0	1.5253055765743122e-6	1.5253055765743122e-6
0	0.0	1.5145832448784569e-6	1.5145832448784569e-6
0	0.0	1.5039396266470886e-6	1.5039396266470886e-6
0	0.0	1.4933741105264503e-6	1.4933741105264503e-6
0	0.0	1.4828860902659234e-6	1.4828860902659234e-6
0	0.0	1.472474964671468e-6	1.472474964671468e-6
0	0.0	1.4621401375595243e-6	1.4621401375595243e-6
0	0.0	1.4518810177113966e-6	1.4518810177113966e-6
0	0.0	1.4416970188280737e-6	1.4416970188280737e-6
0	0.0	1.43158755948553e-6	1.43158755948553e-6
0	0.0	1.4215520630904641e-6	1.4215520630904641e-6
0.000125	0.0	1.4115899578364817e-6	1.4115899578364817e-6
0	0.0	1.4017006766607297e-6	1.4017006766607297e-6
0	0.0	1.3918836572009508e-6	1.3918836572009508e-6
0	0.0	1.3821383417529834e-6	1.3821383417529834e-6
0	0.0	1.3724641772286747e-6	1.3724641772286747e-6
0	0.0	1.3628606151142282e-6	1.3628606151142282e-6
0	0.0	1.3533271114289553e-6	1.3533271114289553e-6
0	0.0	1.3438631266844427e-6	1.3438631266844427e-6
0	0.0	1.3344681258441316e-6	1.3344681258441316e-6
0	0.0	1.3251415782832902e-6	1.3251415782832902e-6
0	0.0	1.3158829577493966e-6	1.3158829577493966e-6
0	0.0	1.3066917423229004e-6	1.3066917423229004e-6
0	0.0	1.2975674143783877e-6	1.2975674143783877e-6
0	0.0	1.288509460546122e-6	1.288509460546122e-6
0	0.0	1.2795173716739674e-6	1.2795173716739674e-6
0	0.0	1.2705906427896893e-6	1.2705906427896893e-6
0	0.0	1.2617287730636317e-6	1.2617287730636317e-6
0	0.0	1.2529312657717545e-6	1.2529312657717545e-6
0	0.0	1.2441976282590372e-6	1.2441976282590372e-6
0	0.0	1.2355273719032509e-6	1.2355273719032509e-6
0	0.0	1.2269200120790716e-6	1.2269200120790716e-6
0	0.0	1.2183750681225619e-6	1.2183750681225619e-6
0	0.0	1.209892063295986e-6	1.209892063295986e-6
0	0.0	1.2014705247529844e-6	1.2014705247529844e-6
0	0.0	1.193109983504074e-6	1.193109983504074e-6
0	0.0	1.1848099743824964e-6	1.1848099743824964e-6
0	0.0	1.1765700360103988e-6	1.1765700360103988e-6
0	0.0	1.1683897107653365e-6	1.1683897107653365e-6
0	0.0	1.1602685447471095e-6	1.1602685447471095e-6
0	0.0	1.1522060877449222e-6	1.1522060877449222e-6
0	0.0	1.1442018932048547e-6	1.1442018932048547e-6
0	0.0	1.1362555181976581e-6	1.1362555181976581e-6
0	0.0	1.1283665233868561e-6	1.1283665233868561e-6
0	0.0	1.1205344729971609e-6	1.1205344729971609e-6
0	0.0	1.1127589347831877e-6	1.1127589347831877e-6
0	0.0	1.1050394799984816e-6	1.1050394799984816e-6
0	0.0	1.097375683364831e-6	1.097375683364831e-6
0	0.0	1.0897671230418883e-6	1.0897671230418883e-6
0	0.0	1.0822133805970755e-6	1.0822133805970755e-6
0	0.0	1.0747140409757832e-6	1.0747140409757832e-6
0	0.0	1.0672686924718574e-6	1.0672686924718574e-6
0	0.0	1.0598769266983632e-6	1.0598769266983632e-6
0	0.0	1.052538338558635e-6	1.052538338558635e-6
0	0.0	1.0452525262176027e-6	1.0452525262176027e-6
0	0.0	1.038019091073392e-6	1.038019091073392e-6
0	0.0	1.0308376377291933e-6	1.0308376377291933e-6
0	0.0	1.023707773965404e-6	1.023707773965404e-6
0	0.0	1.0166291107120344e-6	1.0166291107120344e-6
0	0.0	1.0096012620213753e-6	1.0096012620213753e-6
0	0.0	1.0026238450409269e-6	1.0026238450409269e-6
0	0.0	9.956964799865866e-7	9.956964799865866e-7
0	0.0	9.888187901160892e-7	9.888187901160892e-7
0	0.0	9.819904017027e-7	9.819904017027e-7
0	0.0	9.75210944009157e-7	9.75210944009157e-7
0	0.0	9.684800492618603e-7	9.684800492618603e-7
0	0.0	9.617973526253047e-7	9.617973526253047e-7
0	0.0	9.55162492176757e-7	9.55162492176757e-7
0	0.0	9.485751088811675e-7	9.485751088811675e-7
0	0.0	9.420348465663203e-7	9.420348465663203e-7
0	0.0	9.355413518982208e-7	9.355413518982208e-7
0	0.0	9.29094274356709e-7	9.29094274356709e-7
0	0.0	9.226932662113054e-7	9.226932662113054e-7
0	0.0	9.163379824972848e-7	9.163379824972848e-7
0	0.0	9.100280809919728e-7	9.100280809919728e-7
0	0.0	9.03763222191263e-7	9.03763222191263e-7
0	0.0	8.975430692863571e-7	8.975430692863571e-7
0	0.0	8.913672881407218e-7	8.913672881407218e-7
0	0.0	8.852355472672605e-7	8.852355472672605e-7
0	0.0	8.791475178056943e-7	8.791475178056943e-7
0	0.0	8.731028735001637e-7	8.731028735001637e-7
0	0.0	8.67101290677028e-7	8.67101290677028e-7
0	0.0	8.611424482228802e-7	8.611424482228802e-7
0	0.0	8.552260275627582e-7	8.552260275627582e-7
0	0.0	8.493517126385659e-7	8.493517126385659e-7
0	0.0	8.43519189887689e-7	8.43519189887689e-7
0	0.0	8.377281482218137e-7	8.377281482218137e-7
0	0.0	8.319782790059361e-7	8.319782790059361e-7
0	0.0	8.262692760375699e-7	8.262692760375699e-7
0	0.0	8.206008355261455e-7	8.206008355261455e-7
0	0.0	8.149726560726001e-7	8.149726560726001e-7
0	0.0	8.093844386491518e-7	8.093844386491518e-7
0	0.0	8.038358865792661e-7	8.038358865792661e-7
0	0.0	7.983267055178023e-7	7.983267055178023e-7
0	0.0	7.928566034313457e-7	7.928566034313457e-7
0	0.0	7.874252905787169e-7	7.874252905787169e-7
0	0.0	7.820324794916647e-7	7.820324794916647e-7
0	0.0	7.766778849557315e-7	7.766778849557315e-7
0	0.0	7.713612239912978e-7	7.713612239912978e-7
0	0.0	7.660822158347971e-7	7.660822158347971e-7
0	0.0	7.608405819201035e-7	7.608405819201035e-7
0	0.0	7.55636045860094e-7	7.55636045860094e-7
0	0.0	7.504683334283694e-7	7.504683334283694e-7
0	0.0	7.453371725411517e-7	7.453371725411517e-7
0	0.0	7.402422932393405e-7	7.402422932393405e-7
0	0.0	7.351834276707359e-7	7.351834276707359e-7
0	0.0	7.301603100724187e-7	7.301603100724187e-7
0	0.0	7.251726767532977e-7	7.251726767532977e-7
0	0.0	7.202202660768093e-7	7.202202660768093e-7
0	0.0	7.153028184437763e-7	7.153028184437763e-7
0	0.0	7.104200762754222e-7	7.104200762754222e-7
0	0.0	7.055717839965397e-7	7.055717839965397e-7
0	0.0	7.007576880188085e-7	7.007576880188085e-7
0	0.0	6.959775367242705e-7	6.959775367242705e-7
0	0.0	6.912310804489439e-7	6.912310804489439e-7
0	0.0	6.865180714665965e-7	6.865180714665965e-7
0	0.0	6.818382639726567e-7	6.818382639726567e-7
0	0.0	6.77191414068273e-7	6.77191414068273e-7
0	0.0	6.725772797445171e-7	6.725772797445171e-7
0	0.0	6.67995620866728e-7	6.67995620866728e-7
0	0.0	6.634461991589958e-7	6.634461991589958e-7
0	0.0	6.589287781887875e-7	6.589287781887875e-7
0	0.0	6.544431233517081e-7	6.544431233517081e-7
0	0.0	6.499890018563996e-7	6.499890018563996e-7
0	0.0	6.455661827095742e-7	6.455661827095742e-7
0	0.0	6.411744367011823e-7	6.411744367011823e-7
0	0.0	6.368135363897111e-7	6.368135363897111e-7
0	0.0	6.324832560876174e-7	6.324832560876174e-7
0	0.0	6.281833718468881e-7	6.281833718468881e-7
0	0.0	6.239136614447303e-7	6.239136614447303e-7
0	0.0	6.19673904369387e-7	6.19673904369387e-7
0	0.0	6.154638818060814e-7	6.154638818060814e-7
0	0.0	6.112833766230865e-7	6.112833766230865e-7
0	0.0	6.071321733579138e-7	6.071321733579138e-7
0	0.0	6.030100582036308e-7	6.030100582036308e-7
0	0.0	5.989168189952953e-7	5.989168189952953e-7
0	0.0	5.948522451965102e-7	5.948522451965102e-7
0	0.0	5.908161278861018e-7	5.908161278861018e-7
0	0.0	5.868082597449085e-7	5.868082597449085e-7
0	0.0	5.828284350426927e-7	5.828284350426927e-7
0	0.0	5.788764496251639e-7	5.788764496251639e-7
0	0.0	5.749521009011213e-7	5.749521009011213e-7
0	0.0	5.710551878297013e-7	5.710551878297013e-7
0	0.0	5.671855109077473e-7	5.671855109077473e-7
0	0.0	5.633428721572832e-7	5.633428721572832e-7
0	0.0	5.595270751131004e-7	5.595270751131004e-7
0	0.0	5.557379248104522e-7	5.557379248104522e-7
0	0.0	5.51975227772858e-7	5.51975227772858e-7
0	0.0	5.482387920000131e-7	5.482387920000131e-7
0	0.0	5.445284269558045e-7	5.445284269558045e-7
0	0.0	5.408439435564319e-7	5.408439435564319e-7
0	0.0	5.371851541586326e-7	5.371851541586326e-7
0	0.0	5.335518725480103e-7	5.335518725480103e-7
0	0.0	5.299439139274623e-7	5.299439139274623e-7
0	0.0	5.263610949057139e-7	5.263610949057139e-7
0	0.0	5.228032334859451e-7	5.228032334859451e-7
0	0.0	5.192701490545254e-7	5.192701490545254e-7
0	0.0	5.157616623698349e-7	5.157616623698349e-7
0	0.0	5.122775955511961e-7	5.122775955511961e-7
0	0.0	5.088177720678911e-7	5.088177720678911e-7
0	0.0	5.053820167282793e-7	5.053820167282793e-7
0	0.0	5.019701556690088e-7	5.019701556690088e-7
0	0.0	4.985820163443214e-7	4.985820163443214e-7
0.000125	0.0	4.952174275154493e-7	4.952174275154493e-7
0	0.0	4.918762192401044e-7	4.918762192401044e-7
0	0.0	4.885582228620572e-7	4.885582228620572e-7
0	0.0	4.852632710008102e-7	4.852632710008102e-7
0	0.0	4.819911975413532e-7	4.819911975413532e-7
0	0.0	4.78741837624014e-7	4.78741837624014e-7
0	0.0	4.755150276343925e-7	4.755150276343925e-7
0	0.0	4.723106051933817e-7	4.723106051933817e-7
0	0.0	4.6912840914727935e-7	4.6912840914727935e-7
0	0.0	4.6596827955797553e-7	4.6596827955797553e-7
0	0.0	4.628300576932342e-7	4.628300576932342e-7
0	0.0	4.597135860170528e-7	4.597135860170528e-7
0	0.0	4.566187081801056e-7	4.566187081801056e-7
0	0.0	4.5354526901026977e-7	4.5354526901026977e-7
0	0.0	4.504931145032317e-7	4.504931145032317e-7
0	0.0	4.47462091813175e-7	4.47462091813175e-7
0	0.0	4.4445204924354596e-7	4.4445204924354596e-7
0	0.0	4.414628362379017e-7	4.414628362379017e-7
0	0.0	4.384943033708331e-7	4.384943033708331e-7
0	0.0	4.355463023389652e-7	4.355463023389652e-7
0	0.0	4.3261868595203863e-7	4.3261868595203863e-7
0	0.0	4.297113081240621e-7	4.297113081240621e-7
0	0.0	4.268240238645416e-7	4.268240238645416e-7
0	0.0	4.239566892697877e-7	4.239566892697877e-7
0	0.0	4.211091615142921e-7	4.211091615142921e-7
0	0.0	4.1828129884217893e-7	4.1828129884217893e-7
0	0.0	4.1547296055873114e-7	4.1547296055873114e-7
0	0.0	4.1268400702198584e-7	4.1268400702198584e-7
0	0.0	4.099142996344017e-7	4.099142996344017e-7
0	0.0	4.0716370083459843e-7	4.0716370083459843e-7
0	0.0	4.044320740891637e-7	4.044320740891637e-7
0	0.0	4.017192838845326e-7	4.017192838845326e-7
0	0.0	3.9902519571893174e-7	3.9902519571893174e-7
0	0.0	3.9634967609439617e-7	3.9634967609439617e-7
0	0.0	3.9369259250885007e-7	3.9369259250885007e-7
0	0.0	3.910538134482544e-7	3.910538134482544e-7
0	0.0	3.8843320837882435e-7	3.8843320837882435e-7
0	0.0	3.858306477393083e-7	3.858306477393083e-7
0	0.0	3.8324600293333337e-7	3.8324600293333337e-7
0	0.0	3.806791463218161e-7	3.806791463218161e-7
0	0.0	3.7812995121543726e-7	3.7812995121543726e-7
0	0.0	3.755982918671761e-7	3.755982918671761e-7
0	0.0	3.7308404346491384e-7	3.7308404346491384e-7
0	0.0	3.705870821240923e-7	3.705870821240923e-7
0	0.0	3.681072848804399e-7	3.681072848804399e-7
0	0.0	3.6564452968275467e-7	3.6564452968275467e-7
0	0.0	3.631986953857501e-7	3.631986953857501e-7
0	0.0	3.6076966174295923e-7	3.6076966174295923e-7
0	0.0	3.5835730939969914e-7	3.5835730939969914e-7
0	0.0	3.5596151988609485e-7	3.5596151988609485e-7
0	0.0	3.5358217561015835e-7	3.5358217561015835e-7
0	0.0	3.5121915985093016e-7	3.5121915985093016e-7
0	0.0	3.4887235675167456e-7	3.4887235675167456e-7
0	0.0	3.465416513131307e-7	3.465416513131307e-7
0	0.0	3.4422692938682643e-7	3.4422692938682643e-7
0	0.0	3.419280776684377e-7	3.419280776684377e-7
0	0.0	3.39644983691213e-7	3.39644983691213e-7
0	0.0	3.3737753581944617e-7	3.3737753581944617e-7
0	0.0	3.3512562324200516e-7	3.3512562324200516e-7
0	0.0	3.328891359659159e-7	3.328891359659159e-7
0	0.0	3.3066796480999776e-7	3.3066796480999776e-7
0	0.0	3.284620013985524e-7	3.284620013985524e-7
0	0.0	3.2627113815510393e-7	3.2627113815510393e-7
0	0.0	3.240952682961947e-7	3.240952682961947e-7
0	0.0	3.219342858252249e-7	3.219342858252249e-7
0	0.0	3.197880855263524e-7	3.197880855263524e-7
0	0.0	3.176565629584353e-7	3.176565629584353e-7
0	0.0	3.155396144490295e-7	3.155396144490295e-7
0	0.0	3.13437137088432e-7	3.13437137088432e-7
0	0.0	3.113490287237769e-7	3.113490287237769e-7
0	0.0	3.092751879531782e-7	3.092751879531782e-7
0	0.0	3.072155141199195e-7	3.072155141199195e-7
0	0.0	3.051699073066952e-7	3.051699073066952e-7
0	0.0	3.031382683298956e-7	3.031382683298956e-7
0	0.0	3.011204987339412e-7	3.011204987339412e-7
0.000125	0.0	2.991165007856614e-7	2.991165007856614e-7
0	0.0	2.9712617746872243e-7	2.9712617746872243e-7
0	0.0	2.951494324780984e-7	2.951494324780984e-7
0	0.0	2.931861702145875e-7	2.931861702145875e-7
0	0.0	2.912362957793772e-7	2.912362957793772e-7
0	0.0	2.8929971496864687e-7	2.8929971496864687e-7
0	0.0	2.8737633426822274e-7	2.8737633426822274e-7
0	0.0	2.854660608482694e-7	2.854660608482694e-7
0	0.0	2.8356880255802995e-7	2.8356880255802995e-7
0	0.0	2.816844679206057e-7	2.816844679206057e-7
0	0.0	2.7981296612778045e-7	2.7981296612778045e-7
0	0.0	2.7795420703488657e-7	2.7795420703488657e-7
0	0.0	2.7610810115571186e-7	2.7610810115571186e-7
0	0.0	2.7427455965745e-7	2.7427455965745e-7
0	0.0	2.7245349435568957e-7	2.7245349435568957e-7
0	0.0	2.706448177094468e-7	2.706448177094468e-7
0	0.0	2.6884844281623593e-7	2.6884844281623593e-7
0	0.0	2.67064283407182e-7	2.67064283407182e-7
0	0.0	2.652922538421706e-7	2.652922538421706e-7
0	0.0	2.635322691050405e-7	2.635322691050405e-7
0	0.0	2.617842447988129e-7	2.617842447988129e-7
0	0.0	2.600480971409588e-7	2.600480971409588e-7
0	0.0	2.583237429587076e-7	2.583237429587076e-7
0	0.0	2.5661109968439064e-7	2.5661109968439064e-7
0	0.0	2.5491008535082505e-7	2.5491008535082505e-7
0	0.0	2.532206185867321e-7	2.532206185867321e-7
0	0.0	2.515426186121955e-7	2.515426186121955e-7
0	0.0	2.49876005234155e-7	2.49876005234155e-7
0	0.0	2.4822069884193563e-7	2.4822069884193563e-7
0	0.0	2.465766204028148e-7	2.465766204028148e-7
0	0.0	2.4494369145762397e-7	2.4494369145762397e-7
0	0.0	2.433218341163854e-7	2.433218341163854e-7
0	0.0	2.41710971053986e-7	2.41710971053986e-7
0	0.0	2.4011102550588403e-7	2.4011102550588403e-7
0	0.0	2.3852192126385116e-7	2.3852192126385116e-7
0	0.0	2.3694358267174864e-7	2.3694358267174864e-7
0	0.0	2.3537593462133723e-7	2.3537593462133723e-7
0	0.0	2.338189025481226e-7	2.338189025481226e-7
0	0.0	2.322724124272303e-7	2.322724124272303e-7
0	0.0	2.3073639076931772e-7	2.3073639076931772e-7
0	0.0	2.2921076461651713e-7	2.2921076461651713e-7
0	0.0	2.2769546153841004e-7	2.2769546153841004e-7
0	0.0	2.2619040962803712e-7	2.2619040962803712e-7
0	0.0	2.2469553749793634e-7	2.2469553749793634e-7
0	0.0	2.2321077427621556e-7	2.2321077427621556e-7
0	0.0	2.2173604960265488e-7	2.2173604960265488e-7
0	0.0	2.202712936248419e-7	2.202712936248419e-7
0	0.0	2.1881643699433482e-7	2.1881643699433482e-7
0	0.0	2.1737141086286042e-7	2.1737141086286042e-7
0	0.0	2.1593614687853864e-7	2.1593614687853864e-7
0	0.0	2.1451057718213877e-7	2.1451057718213877e-7
0	0.0	2.1309463440336586e-7	2.1309463440336586e-7
0	0.0	2.116882516571766e-7	2.116882516571766e-7
0	0.0	2.1029136254012324e-7	2.1029136254012324e-7
0	0.0	2.0890390112672842e-7	2.0890390112672842e-7
0	0.0	2.0752580196588778e-7	2.0752580196588778e-7
0	0.0	2.0615700007730132e-7	2.0615700007730132e-7
0	0.0	2.0479743094793337e-7	2.0479743094793337e-7
0	0.0	2.0344703052850045e-7	2.0344703052850045e-7
0	0.0	2.021057352299871e-7	2.021057352299871e-7
0	0.0	2.0077348192018922e-7	2.0077348192018922e-7
0	0.0	1.99450207920285e-7	1.99450207920285e-7
0	0.0	1.9813585100143277e-7	1.9813585100143277e-7
0	0.0	1.968303493813966e-7	1.968303493813966e-7
0	0.0	1.9553364172119697e-7	1.9553364172119697e-7
0	0.0	1.9424566712179006e-7	1.9424566712179006e-7
0	0.0	1.9296636512077087e-7	1.9296636512077087e-7
0	0.0	1.9169567568910512e-7	1.9169567568910512e-7
0	0.0	1.9043353922788484e-7	1.9043353922788484e-7
0	0.0	1.8917989656510973e-7	1.8917989656510973e-7
0	0.0	1.8793468895249604e-7	1.8793468895249604e-7
0	0.0	1.866978580623075e-7	1.866978580623075e-7
0	0.0	1.854693459842136e-7	1.854693459842136e-7
0	0.0	1.8424909522217166e-7	1.8424909522217166e-7
0	0.0	1.8303704869133362e-7	1.8303704869133362e-7
0	0.0	1.818331497149771e-7	1.818331497149771e-7
0	0.0	1.806373420214607e-7	1.806373420214607e-7
0	0.0	1.7944956974120294e-7	1.7944956974120294e-7
0	0.0	1.782697774036861e-7	1.782697774036861e-7
0	0.0	1.770979099344811e-7	1.770979099344811e-7
0	0.0	1.7593391265229914e-7	1.7593391265229914e-7
0	0.0	1.7477773126606327e-7	1.7477773126606327e-7
0	0.0	1.736293118720048e-7	1.736293118720048e-7
0	0.0	1.7248860095078234e-7	1.7248860095078234e-7
0	0.0	1.713555453646223e-7	1.713555453646223e-7
0	0.0	1.7023009235448318e-7	1.7023009235448318e-7
0	0.0	1.691121895372411e-7	1.691121895372411e-7
0	0.0	1.6800178490289756e-7	1.6800178490289756e-7
0	0.0	1.6689882681180945e-7	1.6689882681180945e-7
0	0.0	1.6580326399194016e-7	1.6580326399194016e-7
0	0.0	1.6471504553613213e-7	1.6471504553613213e-7
0	0.0	1.6363412089940135e-7	1.6363412089940135e-7
0	0.0	1.6256043989625236e-7	1.6256043989625236e-7
0	0.0	1.6149395269801438e-7	1.6149395269801438e-7
0	0.0	1.604346098301983e-7	1.604346098301983e-7
0	0.0	1.5938236216987403e-7	1.5938236216987403e-7
0	0.0	1.5833716094306835e-7	1.5833716094306835e-7
0	0.0	1.5729895772218348e-7	1.5729895772218348e-7
0	0.0	1.5626770442343465e-7	1.5626770442343465e-7
0	0.0	1.55243353304309e-7	1.55243353304309e-7
0	0.0	1.542258569610428e-7	1.542258569610428e-7
0	0.0	1.5321516832611964e-7	1.5321516832611964e-7
0	0.0	1.5221124066578683e-7	1.5221124066578683e-7
0	0.0	1.512140275775919e-7	1.512140275775919e-7
0	0.0	1.5022348298793776e-7	1.5022348298793776e-7
0	0.0	1.492395611496569e-7	1.492395611496569e-7
0	0.0	1.4826221663960524e-7	1.4826221663960524e-7
0	0.0	1.472914043562724e-7	1.472914043562724e-7
0	0.0	1.4632707951741326e-7	1.4632707951741326e-7
0	0.0	1.4536919765769581e-7	1.4536919765769581e-7
0	0.0	1.44417714626368e-7	1.44417714626368e-7
0	0.0	1.4347258658494257e-7	1.4347258658494257e-7
0	0.0	1.4253377000489978e-7	1.4253377000489978e-7
0	0.0	1.416012216654073e-7	1.416012216654073e-7
0	0.0	1.4067489865105928e-7	1.4067489865105928e-7
0	0.0	1.3975475834963066e-7	1.3975475834963066e-7
0	0.0	1.388407584498506e-7	1.388407584498506e-7
0	0.0	1.3793285693919212e-7	1.3793285693919212e-7
0	0.0	1.370310121016794e-7	1.370310121016794e-7
0	0.0	1.3613518251571119e-7	1.3613518251571119e-7
0	0.0	1.352453270519017e-7	1.352453270519017e-7
0	0.0	1.343614048709378e-7	1.343614048709378e-7
0	0.0	1.334833754214528e-7	1.334833754214528e-7
0	0.0	1.3261119843791609e-7	1.3261119843791609e-7
0	0.0	1.3174483393853995e-7	1.3174483393853995e-7
0	0.0	1.308842422232017e-7	1.308842422232017e-7
0	0.0	1.3002938387138178e-7	1.3002938387138178e-7
0	0.0	1.291802197401178e-7	1.291802197401178e-7
0	0.0	1.2833671096197513e-7	1.2833671096197513e-7
0	0.0	1.2749881894303124e-7	1.2749881894303124e-7
0	0.0	1.2666650536087726e-7	1.2666650536087726e-7
0	0.0	1.2583973216263372e-7	1.2583973216263372e-7
0	0.0	1.2501846156298187e-7	1.2501846156298187e-7
0	0.0	1.2420265604221029e-7	1.2420265604221029e-7
0	0.0	1.2339227834427599e-7	1.2339227834427599e-7
0	0.0	1.225872914748808e-7	1.225872914748808e-7
0	0.0	1.2178765869956182e-7	1.2178765869956182e-7
0	0.0	1.209933435417972e-7	1.209933435417972e-7
0	0.0	1.20204309781126e-7	1.20204309781126e-7
0	0.0	1.1942052145128232e-7	1.1942052145128232e-7
0	0.0	1.1864194283834378e-7	1.1864194283834378e-7
0	0.0	1.178685384788941e-7	1.178685384788941e-7
0	0.0	1.1710027315820003e-7	1.1710027315820003e-7
0	0.0	1.1633711190840135e-7	1.1633711190840135e-7
0	0.0	1.1557902000671553e-7	1.1557902000671553e-7
0	0.0	1.1482596297365534e-7	1.1482596297365534e-7
0	0.0	1.1407790657126086e-7	1.1407790657126086e-7
0	0.0	1.1333481680134392e-7	1.1333481680134392e-7
0	0.0	1.125966599037466e-7	1.125966599037466e-7
0	0.0	1.1186340235461309e-7	1.1186340235461309e-7
0	0.0	1.1113501086467368e-7	1.1113501086467368e-7
0	0.0	1.1041145237754285e-7	1.1041145237754285e-7
0	0.0	1.0969269406803021e-7	1.0969269406803021e-7
0	0.0	1.0897870334046315e-7	1.0897870334046315e-7
0.000125	0.0	1.0826944782702362e-7	1.0826944782702362e-7
